experiment,contact_duration,cap_ID,infected,Duree_min_1.0,Distance Mediane_1.0,Duree_min_2.0,Distance Mediane_2.0,Duree_min_3.0,Distance Mediane_3.0,Duree_min_4.0,Distance Mediane_4.0,Duree_min_5.0,Distance Mediane_5.0,Duree_min_6.0,Distance Mediane_6.0,Duree_min_7.0,Distance Mediane_7.0,Duree_min_8.0,Distance Mediane_8.0,Duree_min_9.0,Distance Mediane_9.0,Duree_min_10.0,Distance Mediane_10.0,Duree_min_11.0,Distance Mediane_11.0,Duree_min_12.0,Distance Mediane_12.0,Duree_min_13.0,Distance Mediane_13.0,Duree_min_14.0,Distance Mediane_14.0,Duree_min_15.0,Distance Mediane_15.0,Duree_min_16.0,Distance Mediane_16.0,Duree_min_17.0,Distance Mediane_17.0,Duree_min_18.0,Distance Mediane_18.0,Duree_min_19.0,Distance Mediane_19.0,Duree_min_20.0,Distance Mediane_20.0,Duree_min_21.0,Distance Mediane_21.0,Duree_min_22.0,Distance Mediane_22.0,Duree_min_23.0,Distance Mediane_23.0,Duree_min_24.0,Distance Mediane_24.0,Duree_min_25.0,Distance Mediane_25.0,Duree_min_26.0,Distance Mediane_26.0,Duree_min_27.0,Distance Mediane_27.0,Duree_min_28.0,Distance Mediane_28.0,Duree_min_29.0,Distance Mediane_29.0,Duree_min_30.0,Distance Mediane_30.0,Duree_min_31.0,Distance Mediane_31.0,Duree_min_32.0,Distance Mediane_32.0,Duree_min_33.0,Distance Mediane_33.0,Duree_min_34.0,Distance Mediane_34.0,Duree_min_35.0,Distance Mediane_35.0,Duree_min_36.0,Distance Mediane_36.0,Duree_min_37.0,Distance Mediane_37.0,Duree_min_38.0,Distance Mediane_38.0,Duree_min_39.0,Distance Mediane_39.0,Duree_min_40.0,Distance Mediane_40.0,Duree_min_41.0,Distance Mediane_41.0,Duree_min_42.0,Distance Mediane_42.0,Duree_min_43.0,Distance Mediane_43.0,Duree_min_44.0,Distance Mediane_44.0,Duree_min_45.0,Distance Mediane_45.0,Duree_min_46.0,Distance Mediane_46.0,Duree_min_47.0,Distance Mediane_47.0,Duree_min_48.0,Distance Mediane_48.0,Duree_min_49.0,Distance Mediane_49.0,Duree_min_50.0,Distance Mediane_50.0,Duree_min_51.0,Distance Mediane_51.0,Duree_min_52.0,Distance Mediane_52.0,Duree_min_53.0,Distance Mediane_53.0,Duree_min_54.0,Distance Mediane_54.0,Duree_min_55.0,Distance Mediane_55.0,Duree_min_56.0,Distance Mediane_56.0,Duree_min_57.0,Distance Mediane_57.0,Duree_min_58.0,Distance Mediane_58.0,Duree_min_59.0,Distance Mediane_59.0,Duree_min_60.0,Distance Mediane_60.0,Duree_min_61.0,Distance Mediane_61.0,Duree_min_62.0,Distance Mediane_62.0,Duree_min_63.0,Distance Mediane_63.0,Duree_min_64.0,Distance Mediane_64.0,Duree_min_65.0,Distance Mediane_65.0,Duree_min_66.0,Distance Mediane_66.0,Duree_min_67.0,Distance Mediane_67.0,Duree_min_68.0,Distance Mediane_68.0,Duree_min_69.0,Distance Mediane_69.0,Duree_min_70.0,Distance Mediane_70.0,Duree_min_71.0,Distance Mediane_71.0,Duree_min_72.0,Distance Mediane_72.0,Duree_min_73.0,Distance Mediane_73.0,Duree_min_74.0,Distance Mediane_74.0,Duree_min_75.0,Distance Mediane_75.0,Duree_min_76.0,Distance Mediane_76.0,Duree_min_77.0,Distance Mediane_77.0,Duree_min_78.0,Distance Mediane_78.0,Duree_min_79.0,Distance Mediane_79.0,Duree_min_80.0,Distance Mediane_80.0,Duree_min_81.0,Distance Mediane_81.0,Duree_min_82.0,Distance Mediane_82.0,Duree_min_83.0,Distance Mediane_83.0,Duree_min_84.0,Distance Mediane_84.0,Duree_min_85.0,Distance Mediane_85.0,Duree_min_86.0,Distance Mediane_86.0,Duree_min_87.0,Distance Mediane_87.0,Duree_min_88.0,Distance Mediane_88.0,Duree_min_89.0,Distance Mediane_89.0,Duree_min_90.0,Distance Mediane_90.0,Duree_min_91.0,Distance Mediane_91.0,Duree_min_92.0,Distance Mediane_92.0,Duree_min_93.0,Distance Mediane_93.0,Duree_min_94.0,Distance Mediane_94.0,Duree_min_95.0,Distance Mediane_95.0,Duree_min_96.0,Distance Mediane_96.0,Duree_min_97.0,Distance Mediane_97.0,Duree_min_98.0,Distance Mediane_98.0,Duree_min_99.0,Distance Mediane_99.0,Duree_min_100.0,Distance Mediane_100.0,Duree_min_101.0,Distance Mediane_101.0,Duree_min_102.0,Distance Mediane_102.0,Duree_min_103.0,Distance Mediane_103.0,Duree_min_104.0,Distance Mediane_104.0,Duree_min_105.0,Distance Mediane_105.0,Duree_min_106.0,Distance Mediane_106.0,Duree_min_107.0,Distance Mediane_107.0,Duree_min_108.0,Distance Mediane_108.0,Duree_min_109.0,Distance Mediane_109.0,Duree_min_110.0,Distance Mediane_110.0,Duree_min_111.0,Distance Mediane_111.0,Duree_min_112.0,Distance Mediane_112.0,Duree_min_113.0,Distance Mediane_113.0,Duree_min_114.0,Distance Mediane_114.0,Duree_min_115.0,Distance Mediane_115.0,Duree_min_116.0,Distance Mediane_116.0,Duree_min_117.0,Distance Mediane_117.0,Duree_min_118.0,Distance Mediane_118.0,Duree_min_119.0,Distance Mediane_119.0,Duree_min_120.0,Distance Mediane_120.0,Duree_min_121.0,Distance Mediane_121.0,Duree_min_122.0,Distance Mediane_122.0,Duree_min_123.0,Distance Mediane_123.0,Duree_min_124.0,Distance Mediane_124.0,Duree_min_125.0,Distance Mediane_125.0,Duree_min_126.0,Distance Mediane_126.0,Duree_min_127.0,Distance Mediane_127.0,Duree_min_128.0,Distance Mediane_128.0,Duree_min_129.0,Distance Mediane_129.0,Duree_min_130.0,Distance Mediane_130.0,Duree_min_131.0,Distance Mediane_131.0,Duree_min_132.0,Distance Mediane_132.0,Duree_min_133.0,Distance Mediane_133.0,Duree_min_134.0,Distance Mediane_134.0,Duree_min_135.0,Distance Mediane_135.0,Duree_min_136.0,Distance Mediane_136.0,Duree_min_137.0,Distance Mediane_137.0,Duree_min_138.0,Distance Mediane_138.0,Duree_min_139.0,Distance Mediane_139.0,Duree_min_140.0,Distance Mediane_140.0,Duree_min_141.0,Distance Mediane_141.0,Duree_min_142.0,Distance Mediane_142.0,Duree_min_143.0,Distance Mediane_143.0,Duree_min_144.0,Distance Mediane_144.0,Duree_min_145.0,Distance Mediane_145.0,Duree_min_146.0,Distance Mediane_146.0,Duree_min_147.0,Distance Mediane_147.0,Duree_min_148.0,Distance Mediane_148.0,Duree_min_149.0,Distance Mediane_149.0,Duree_min_150.0,Distance Mediane_150.0,Duree_min_151.0,Distance Mediane_151.0,Duree_min_152.0,Distance Mediane_152.0,Duree_min_153.0,Distance Mediane_153.0,Duree_min_154.0,Distance Mediane_154.0,Duree_min_155.0,Distance Mediane_155.0,Duree_min_156.0,Distance Mediane_156.0,Duree_min_157.0,Distance Mediane_157.0,Duree_min_158.0,Distance Mediane_158.0,Duree_min_159.0,Distance Mediane_159.0,Duree_min_160.0,Distance Mediane_160.0,Duree_min_161.0,Distance Mediane_161.0,Duree_min_162.0,Distance Mediane_162.0,Duree_min_163.0,Distance Mediane_163.0,Duree_min_164.0,Distance Mediane_164.0,Duree_min_165.0,Distance Mediane_165.0,Duree_min_166.0,Distance Mediane_166.0,Duree_min_167.0,Distance Mediane_167.0,Duree_min_168.0,Distance Mediane_168.0,Duree_min_169.0,Distance Mediane_169.0,Duree_min_170.0,Distance Mediane_170.0,Duree_min_171.0,Distance Mediane_171.0,Duree_min_172.0,Distance Mediane_172.0,Duree_min_173.0,Distance Mediane_173.0,Duree_min_174.0,Distance Mediane_174.0,Duree_min_175.0,Distance Mediane_175.0,Duree_min_176.0,Distance Mediane_176.0,Duree_min_177.0,Distance Mediane_177.0,Duree_min_178.0,Distance Mediane_178.0,Duree_min_179.0,Distance Mediane_179.0,Duree_min_180.0,Distance Mediane_180.0,Duree_min_181.0,Distance Mediane_181.0,Duree_min_182.0,Distance Mediane_182.0,Duree_min_183.0,Distance Mediane_183.0,Duree_min_184.0,Distance Mediane_184.0,Duree_min_185.0,Distance Mediane_185.0,Duree_min_186.0,Distance Mediane_186.0,Duree_min_187.0,Distance Mediane_187.0,Duree_min_188.0,Distance Mediane_188.0,Duree_min_189.0,Distance Mediane_189.0,Duree_min_190.0,Distance Mediane_190.0,Duree_min_191.0,Distance Mediane_191.0,Duree_min_192.0,Distance Mediane_192.0,Duree_min_193.0,Distance Mediane_193.0,Duree_min_194.0,Distance Mediane_194.0,Duree_min_195.0,Distance Mediane_195.0,Duree_min_196.0,Distance Mediane_196.0,Duree_min_197.0,Distance Mediane_197.0,Duree_min_198.0,Distance Mediane_198.0,Duree_min_199.0,Distance Mediane_199.0,Duree_min_200.0,Distance Mediane_200.0,Duree_min_201.0,Distance Mediane_201.0,Duree_min_202.0,Distance Mediane_202.0,Duree_min_203.0,Distance Mediane_203.0,Duree_min_204.0,Distance Mediane_204.0,Duree_min_205.0,Distance Mediane_205.0,Duree_min_206.0,Distance Mediane_206.0,Duree_min_207.0,Distance Mediane_207.0,Duree_min_208.0,Distance Mediane_208.0,Duree_min_209.0,Distance Mediane_209.0,Duree_min_210.0,Distance Mediane_210.0,Duree_min_211.0,Distance Mediane_211.0,Duree_min_212.0,Distance Mediane_212.0,Duree_min_213.0,Distance Mediane_213.0,Duree_min_214.0,Distance Mediane_214.0,Duree_min_215.0,Distance Mediane_215.0,Duree_min_216.0,Distance Mediane_216.0,Duree_min_217.0,Distance Mediane_217.0,Duree_min_218.0,Distance Mediane_218.0,Duree_min_219.0,Distance Mediane_219.0,Duree_min_220.0,Distance Mediane_220.0,Duree_min_221.0,Distance Mediane_221.0,Duree_min_222.0,Distance Mediane_222.0,Duree_min_223.0,Distance Mediane_223.0,Duree_min_224.0,Distance Mediane_224.0,Duree_min_225.0,Distance Mediane_225.0,Duree_min_226.0,Distance Mediane_226.0,Duree_min_227.0,Distance Mediane_227.0,Duree_min_228.0,Distance Mediane_228.0,Duree_min_229.0,Distance Mediane_229.0,Duree_min_230.0,Distance Mediane_230.0,Duree_min_231.0,Distance Mediane_231.0,Duree_min_232.0,Distance Mediane_232.0,Duree_min_233.0,Distance Mediane_233.0,Duree_min_234.0,Distance Mediane_234.0,Duree_min_235.0,Distance Mediane_235.0,Duree_min_236.0,Distance Mediane_236.0,Duree_min_237.0,Distance Mediane_237.0,Duree_min_238.0,Distance Mediane_238.0,Duree_min_239.0,Distance Mediane_239.0,Duree_min_240.0,Distance Mediane_240.0,Duree_min_241.0,Distance Mediane_241.0,Duree_min_242.0,Distance Mediane_242.0,Duree_min_243.0,Distance Mediane_243.0,Duree_min_244.0,Distance Mediane_244.0,Duree_min_245.0,Distance Mediane_245.0,Duree_min_246.0,Distance Mediane_246.0,Duree_min_247.0,Distance Mediane_247.0,Duree_min_248.0,Distance Mediane_248.0,Duree_min_249.0,Distance Mediane_249.0,Duree_min_250.0,Distance Mediane_250.0,Duree_min_251.0,Distance Mediane_251.0,Duree_min_252.0,Distance Mediane_252.0,Duree_min_253.0,Distance Mediane_253.0,Duree_min_254.0,Distance Mediane_254.0,Duree_min_255.0,Distance Mediane_255.0,Duree_min_256.0,Distance Mediane_256.0,Duree_min_257.0,Distance Mediane_257.0,Duree_min_258.0,Distance Mediane_258.0,Duree_min_259.0,Distance Mediane_259.0,Duree_min_260.0,Distance Mediane_260.0,Duree_min_261.0,Distance Mediane_261.0,Duree_min_262.0,Distance Mediane_262.0,Duree_min_263.0,Distance Mediane_263.0,Duree_min_264.0,Distance Mediane_264.0,Duree_min_265.0,Distance Mediane_265.0,Duree_min_266.0,Distance Mediane_266.0,Duree_min_267.0,Distance Mediane_267.0,Duree_min_268.0,Distance Mediane_268.0,Duree_min_269.0,Distance Mediane_269.0,Duree_min_270.0,Distance Mediane_270.0,Duree_min_271.0,Distance Mediane_271.0,Duree_min_272.0,Distance Mediane_272.0,Duree_min_273.0,Distance Mediane_273.0,Duree_min_274.0,Distance Mediane_274.0,Duree_min_275.0,Distance Mediane_275.0,Duree_min_276.0,Distance Mediane_276.0,Duree_min_277.0,Distance Mediane_277.0,Duree_min_278.0,Distance Mediane_278.0,Duree_min_279.0,Distance Mediane_279.0,Duree_min_280.0,Distance Mediane_280.0,Duree_min_281.0,Distance Mediane_281.0,Duree_min_282.0,Distance Mediane_282.0,Duree_min_283.0,Distance Mediane_283.0,Duree_min_284.0,Distance Mediane_284.0,Duree_min_285.0,Distance Mediane_285.0,Duree_min_286.0,Distance Mediane_286.0,Duree_min_287.0,Distance Mediane_287.0,Duree_min_288.0,Distance Mediane_288.0,Duree_min_289.0,Distance Mediane_289.0,Duree_min_290.0,Distance Mediane_290.0,Duree_min_291.0,Distance Mediane_291.0,Duree_min_292.0,Distance Mediane_292.0,Duree_min_293.0,Distance Mediane_293.0,Duree_min_294.0,Distance Mediane_294.0,Duree_min_295.0,Distance Mediane_295.0,Duree_min_296.0,Distance Mediane_296.0,Duree_min_297.0,Distance Mediane_297.0,Duree_min_298.0,Distance Mediane_298.0,Duree_min_299.0,Distance Mediane_299.0,Duree_min_300.0,Distance Mediane_300.0,Duree_min_301.0,Distance Mediane_301.0,Duree_min_302.0,Distance Mediane_302.0,Duree_min_303.0,Distance Mediane_303.0,Duree_min_304.0,Distance Mediane_304.0,Duree_min_305.0,Distance Mediane_305.0,Duree_min_306.0,Distance Mediane_306.0,Duree_min_307.0,Distance Mediane_307.0,Duree_min_308.0,Distance Mediane_308.0,Duree_min_309.0,Distance Mediane_309.0,Duree_min_310.0,Distance Mediane_310.0,Duree_min_311.0,Distance Mediane_311.0,Duree_min_312.0,Distance Mediane_312.0,Duree_min_313.0,Distance Mediane_313.0,Duree_min_314.0,Distance Mediane_314.0,Duree_min_315.0,Distance Mediane_315.0
1,1h,100,0,1,0.974848925,1,0.632444169,1,0.76886465,1,0.924647244,1,0.602395303,1,0.567045352,1,0.903150292,,,,,,,,,,,,,,,,,,,,,,,,,,,,,,,,,,,,,,,,,,,,,,,,,,,,,,,,,,,,,,,,,,,,,,,,,,,,,,,,,,,,,,,,,,,,,,,,,,,,,,,,,,,,,,,,,,,,,,,,,,,,,,,,,,,,,,,,,,,,,,,,,,,,,,,,,,,,,,,,,,,,,,,,,,,,,,,,,,,,,,,,,,,,,,,,,,,,,,,,,,,,,,,,,,,,,,,,,,,,,,,,,,,,,,,,,,,,,,,,,,,,,,,,,,,,,,,,,,,,,,,,,,,,,,,,,,,,,,,,,,,,,,,,,,,,,,,,,,,,,,,,,,,,,,,,,,,,,,,,,,,,,,,,,,,,,,,,,,,,,,,,,,,,,,,,,,,,,,,,,,,,,,,,,,,,,,,,,,,,,,,,,,,,,,,,,,,,,,,,,,,,,,,,,,,,,,,,,,,,,,,,,,,,,,,,,,,,,,,,,,,,,,,,,,,,,,,,,,,,,,,,,,,,,,,,,,,,,,,,,,,,,,,,,,,,,,,,,,,,,,,,,,,,,,,,,,,,,,,,,,,,,,,,,,,,,,,,,,,,,,,,,,,,,,,,,,,,,,,,,,,,,,,,,,,,,,,,,,,,,,,,,,,,,,,,,,,,,,,,,,,,,,,,,,,,,,,,
1,1h,116,0,3,0.602691792,1,0.88179529,1,0.800193837,1,0.944823801,1,0.628420973,1,0.594896088,1,0.788722811,1,0.404524321,1,0.861092586,1,0.669328459,1,0.82198216,1,0.954321078,1,0.773412434,,,,,,,,,,,,,,,,,,,,,,,,,,,,,,,,,,,,,,,,,,,,,,,,,,,,,,,,,,,,,,,,,,,,,,,,,,,,,,,,,,,,,,,,,,,,,,,,,,,,,,,,,,,,,,,,,,,,,,,,,,,,,,,,,,,,,,,,,,,,,,,,,,,,,,,,,,,,,,,,,,,,,,,,,,,,,,,,,,,,,,,,,,,,,,,,,,,,,,,,,,,,,,,,,,,,,,,,,,,,,,,,,,,,,,,,,,,,,,,,,,,,,,,,,,,,,,,,,,,,,,,,,,,,,,,,,,,,,,,,,,,,,,,,,,,,,,,,,,,,,,,,,,,,,,,,,,,,,,,,,,,,,,,,,,,,,,,,,,,,,,,,,,,,,,,,,,,,,,,,,,,,,,,,,,,,,,,,,,,,,,,,,,,,,,,,,,,,,,,,,,,,,,,,,,,,,,,,,,,,,,,,,,,,,,,,,,,,,,,,,,,,,,,,,,,,,,,,,,,,,,,,,,,,,,,,,,,,,,,,,,,,,,,,,,,,,,,,,,,,,,,,,,,,,,,,,,,,,,,,,,,,,,,,,,,,,,,,,,,,,,,,,,,,,,,,,,,,,,,,,,,,,,,,,,,,,,,,,,,,,,,,,,,,,,,,,,,,,,,,,,,,
1,1h,255,0,4,0.900569182,3,0.709064915,2,0.870671566,1,0.679311438,1,0.880477674,1,0.73892133,1,0.929680588,1,0.781800122,1,0.910305094,1,0.770975946,1,0.811108536,1,0.705304343,1,0.801844182,1,0.420180449,1,0.698442384,,,,,,,,,,,,,,,,,,,,,,,,,,,,,,,,,,,,,,,,,,,,,,,,,,,,,,,,,,,,,,,,,,,,,,,,,,,,,,,,,,,,,,,,,,,,,,,,,,,,,,,,,,,,,,,,,,,,,,,,,,,,,,,,,,,,,,,,,,,,,,,,,,,,,,,,,,,,,,,,,,,,,,,,,,,,,,,,,,,,,,,,,,,,,,,,,,,,,,,,,,,,,,,,,,,,,,,,,,,,,,,,,,,,,,,,,,,,,,,,,,,,,,,,,,,,,,,,,,,,,,,,,,,,,,,,,,,,,,,,,,,,,,,,,,,,,,,,,,,,,,,,,,,,,,,,,,,,,,,,,,,,,,,,,,,,,,,,,,,,,,,,,,,,,,,,,,,,,,,,,,,,,,,,,,,,,,,,,,,,,,,,,,,,,,,,,,,,,,,,,,,,,,,,,,,,,,,,,,,,,,,,,,,,,,,,,,,,,,,,,,,,,,,,,,,,,,,,,,,,,,,,,,,,,,,,,,,,,,,,,,,,,,,,,,,,,,,,,,,,,,,,,,,,,,,,,,,,,,,,,,,,,,,,,,,,,,,,,,,,,,,,,,,,,,,,,,,,,,,,,,,,,,,,,,,,,,,,,,,,,,,,,,,,,,,,,,,,,,,,
1,1h,449,0,5,0.495021565,3,0.437088379,3,0.485999928,2,0.61919497,2,0.569615421,2,0.424433854,2,0.698079191,1,0.610787176,1,0.899089917,1,0.620437009,1,0.456592673,1,0.926795688,1,0.468386129,1,0.308183387,1,0.950805873,1,0.716728152,1,0.836938543,1,0.943397189,1,0.736939697,,,,,,,,,,,,,,,,,,,,,,,,,,,,,,,,,,,,,,,,,,,,,,,,,,,,,,,,,,,,,,,,,,,,,,,,,,,,,,,,,,,,,,,,,,,,,,,,,,,,,,,,,,,,,,,,,,,,,,,,,,,,,,,,,,,,,,,,,,,,,,,,,,,,,,,,,,,,,,,,,,,,,,,,,,,,,,,,,,,,,,,,,,,,,,,,,,,,,,,,,,,,,,,,,,,,,,,,,,,,,,,,,,,,,,,,,,,,,,,,,,,,,,,,,,,,,,,,,,,,,,,,,,,,,,,,,,,,,,,,,,,,,,,,,,,,,,,,,,,,,,,,,,,,,,,,,,,,,,,,,,,,,,,,,,,,,,,,,,,,,,,,,,,,,,,,,,,,,,,,,,,,,,,,,,,,,,,,,,,,,,,,,,,,,,,,,,,,,,,,,,,,,,,,,,,,,,,,,,,,,,,,,,,,,,,,,,,,,,,,,,,,,,,,,,,,,,,,,,,,,,,,,,,,,,,,,,,,,,,,,,,,,,,,,,,,,,,,,,,,,,,,,,,,,,,,,,,,,,,,,,,,,,,,,,,,,,,,,,,,,,,,,,,,,,,,,,,,,,,,,,,,,,,,,,,,,,,,,,,,,,,,,,,,,,,,
1,1h,3310,0,4,0.857873388,2,0.724013037,2,0.910765114,2,0.748102494,1,0.921166835,1,0.747149091,1,0.572425852,1,0.631230222,1,0.303543054,1,0.942619324,1,0.769220942,,,,,,,,,,,,,,,,,,,,,,,,,,,,,,,,,,,,,,,,,,,,,,,,,,,,,,,,,,,,,,,,,,,,,,,,,,,,,,,,,,,,,,,,,,,,,,,,,,,,,,,,,,,,,,,,,,,,,,,,,,,,,,,,,,,,,,,,,,,,,,,,,,,,,,,,,,,,,,,,,,,,,,,,,,,,,,,,,,,,,,,,,,,,,,,,,,,,,,,,,,,,,,,,,,,,,,,,,,,,,,,,,,,,,,,,,,,,,,,,,,,,,,,,,,,,,,,,,,,,,,,,,,,,,,,,,,,,,,,,,,,,,,,,,,,,,,,,,,,,,,,,,,,,,,,,,,,,,,,,,,,,,,,,,,,,,,,,,,,,,,,,,,,,,,,,,,,,,,,,,,,,,,,,,,,,,,,,,,,,,,,,,,,,,,,,,,,,,,,,,,,,,,,,,,,,,,,,,,,,,,,,,,,,,,,,,,,,,,,,,,,,,,,,,,,,,,,,,,,,,,,,,,,,,,,,,,,,,,,,,,,,,,,,,,,,,,,,,,,,,,,,,,,,,,,,,,,,,,,,,,,,,,,,,,,,,,,,,,,,,,,,,,,,,,,,,,,,,,,,,,,,,,,,,,,,,,,,,,,,,,,,,,,,,,,,,,,,,,,,,,,,,,,,
1,6h,100,0,3,0.737347294,1,0.979886739,1,0.864573897,,,,,,,,,,,,,,,,,,,,,,,,,,,,,,,,,,,,,,,,,,,,,,,,,,,,,,,,,,,,,,,,,,,,,,,,,,,,,,,,,,,,,,,,,,,,,,,,,,,,,,,,,,,,,,,,,,,,,,,,,,,,,,,,,,,,,,,,,,,,,,,,,,,,,,,,,,,,,,,,,,,,,,,,,,,,,,,,,,,,,,,,,,,,,,,,,,,,,,,,,,,,,,,,,,,,,,,,,,,,,,,,,,,,,,,,,,,,,,,,,,,,,,,,,,,,,,,,,,,,,,,,,,,,,,,,,,,,,,,,,,,,,,,,,,,,,,,,,,,,,,,,,,,,,,,,,,,,,,,,,,,,,,,,,,,,,,,,,,,,,,,,,,,,,,,,,,,,,,,,,,,,,,,,,,,,,,,,,,,,,,,,,,,,,,,,,,,,,,,,,,,,,,,,,,,,,,,,,,,,,,,,,,,,,,,,,,,,,,,,,,,,,,,,,,,,,,,,,,,,,,,,,,,,,,,,,,,,,,,,,,,,,,,,,,,,,,,,,,,,,,,,,,,,,,,,,,,,,,,,,,,,,,,,,,,,,,,,,,,,,,,,,,,,,,,,,,,,,,,,,,,,,,,,,,,,,,,,,,,,,,,,,,,,,,,,,,,,,,,,,,,,,,,,,,,,,,,,,,,,,,,,
1,6h,116,0,3,0.854542157,2,0.90018215,2,0.73873393,2,0.595407285,2,0.600401189,1,0.938027876,1,0.572539573,1,0.704069561,1,0.971938405,1,0.855847412,1,0.899992411,1,0.788250716,1,0.795112074,1,0.973687446,1,0.889800336,1,0.93299912,1,0.903542421,1,0.685673235,1,0.830451347,1,0.588238837,1,0.701544305,1,0.456407274,1,0.824012644,1,0.935177373,1,0.626101967,1,0.396603686,1,0.528086039,1,0.713378414,1,0.418392734,1,0.769838829,1,0.915334863,1,0.788128267,1,0.638244925,1,0.874938117,1,0.662894736,1,0.536479525,1,0.800382611,1,0.978154904,1,0.498337052,,,,,,,,,,,,,,,,,,,,,,,,,,,,,,,,,,,,,,,,,,,,,,,,,,,,,,,,,,,,,,,,,,,,,,,,,,,,,,,,,,,,,,,,,,,,,,,,,,,,,,,,,,,,,,,,,,,,,,,,,,,,,,,,,,,,,,,,,,,,,,,,,,,,,,,,,,,,,,,,,,,,,,,,,,,,,,,,,,,,,,,,,,,,,,,,,,,,,,,,,,,,,,,,,,,,,,,,,,,,,,,,,,,,,,,,,,,,,,,,,,,,,,,,,,,,,,,,,,,,,,,,,,,,,,,,,,,,,,,,,,,,,,,,,,,,,,,,,,,,,,,,,,,,,,,,,,,,,,,,,,,,,,,,,,,,,,,,,,,,,,,,,,,,,,,,,,,,,,,,,,,,,,,,,,,,,,,,,,,,,,,,,,,,,,,,,,,,,,,,,,,,,,,,,,,,,,,,,,,,,,,,,,,,,,,,,,,,,,,,,,,,,,,,,,,,,,,,,,,,,,,,,,,,,,,,,,,,,,,,,,,,,,,,,,,,,,,,,,,,,,,,,,,,,,,,,,,,,,,,,,,,,,,,,,,,,,,,,,,,,,,,,,,,,,,,
1,6h,255,0,2,0.949993877,2,0.951774746,2,0.662922502,1,0.961782119,1,0.900656934,1,0.994971369,1,0.725260069,1,0.945234821,1,0.974479101,,,,,,,,,,,,,,,,,,,,,,,,,,,,,,,,,,,,,,,,,,,,,,,,,,,,,,,,,,,,,,,,,,,,,,,,,,,,,,,,,,,,,,,,,,,,,,,,,,,,,,,,,,,,,,,,,,,,,,,,,,,,,,,,,,,,,,,,,,,,,,,,,,,,,,,,,,,,,,,,,,,,,,,,,,,,,,,,,,,,,,,,,,,,,,,,,,,,,,,,,,,,,,,,,,,,,,,,,,,,,,,,,,,,,,,,,,,,,,,,,,,,,,,,,,,,,,,,,,,,,,,,,,,,,,,,,,,,,,,,,,,,,,,,,,,,,,,,,,,,,,,,,,,,,,,,,,,,,,,,,,,,,,,,,,,,,,,,,,,,,,,,,,,,,,,,,,,,,,,,,,,,,,,,,,,,,,,,,,,,,,,,,,,,,,,,,,,,,,,,,,,,,,,,,,,,,,,,,,,,,,,,,,,,,,,,,,,,,,,,,,,,,,,,,,,,,,,,,,,,,,,,,,,,,,,,,,,,,,,,,,,,,,,,,,,,,,,,,,,,,,,,,,,,,,,,,,,,,,,,,,,,,,,,,,,,,,,,,,,,,,,,,,,,,,,,,,,,,,,,,,,,,,,,,,,,,,,,,,,,,,,,,,,,,,,,,,,,,,,,,,,,,,,,,,,,
1,6h,449,0,4,0.679288087,3,0.74702703,2,0.839213268,2,0.703495844,2,0.87683888,2,0.8117163,1,0.911143493,1,0.972676693,1,0.897031832,1,0.945657282,1,0.421681162,1,0.44318776,1,0.7651042,1,0.953656181,1,0.818281036,1,0.987432558,1,0.548327284,1,0.708022354,,,,,,,,,,,,,,,,,,,,,,,,,,,,,,,,,,,,,,,,,,,,,,,,,,,,,,,,,,,,,,,,,,,,,,,,,,,,,,,,,,,,,,,,,,,,,,,,,,,,,,,,,,,,,,,,,,,,,,,,,,,,,,,,,,,,,,,,,,,,,,,,,,,,,,,,,,,,,,,,,,,,,,,,,,,,,,,,,,,,,,,,,,,,,,,,,,,,,,,,,,,,,,,,,,,,,,,,,,,,,,,,,,,,,,,,,,,,,,,,,,,,,,,,,,,,,,,,,,,,,,,,,,,,,,,,,,,,,,,,,,,,,,,,,,,,,,,,,,,,,,,,,,,,,,,,,,,,,,,,,,,,,,,,,,,,,,,,,,,,,,,,,,,,,,,,,,,,,,,,,,,,,,,,,,,,,,,,,,,,,,,,,,,,,,,,,,,,,,,,,,,,,,,,,,,,,,,,,,,,,,,,,,,,,,,,,,,,,,,,,,,,,,,,,,,,,,,,,,,,,,,,,,,,,,,,,,,,,,,,,,,,,,,,,,,,,,,,,,,,,,,,,,,,,,,,,,,,,,,,,,,,,,,,,,,,,,,,,,,,,,,,,,,,,,,,,,,,,,,,,,,,,,,,,,,,,,,,,,,,,,,,,,,,,,,,,,
1,6h,3008,0,3,0.862924235,2,0.958417666,1,0.890099876,1,0.956466425,1,0.931653112,,,,,,,,,,,,,,,,,,,,,,,,,,,,,,,,,,,,,,,,,,,,,,,,,,,,,,,,,,,,,,,,,,,,,,,,,,,,,,,,,,,,,,,,,,,,,,,,,,,,,,,,,,,,,,,,,,,,,,,,,,,,,,,,,,,,,,,,,,,,,,,,,,,,,,,,,,,,,,,,,,,,,,,,,,,,,,,,,,,,,,,,,,,,,,,,,,,,,,,,,,,,,,,,,,,,,,,,,,,,,,,,,,,,,,,,,,,,,,,,,,,,,,,,,,,,,,,,,,,,,,,,,,,,,,,,,,,,,,,,,,,,,,,,,,,,,,,,,,,,,,,,,,,,,,,,,,,,,,,,,,,,,,,,,,,,,,,,,,,,,,,,,,,,,,,,,,,,,,,,,,,,,,,,,,,,,,,,,,,,,,,,,,,,,,,,,,,,,,,,,,,,,,,,,,,,,,,,,,,,,,,,,,,,,,,,,,,,,,,,,,,,,,,,,,,,,,,,,,,,,,,,,,,,,,,,,,,,,,,,,,,,,,,,,,,,,,,,,,,,,,,,,,,,,,,,,,,,,,,,,,,,,,,,,,,,,,,,,,,,,,,,,,,,,,,,,,,,,,,,,,,,,,,,,,,,,,,,,,,,,,,,,,,,,,,,,,,,,,,,,,,,,,,,,,,,,,,,,,,,
1,6h,3310,0,3,0.662924012,2,0.896589301,2,0.842562353,1,0.689354596,1,0.922124651,1,0.966768106,1,0.478398472,1,0.74052784,1,0.837549684,1,0.515515969,1,0.872238661,1,0.736391505,1,0.773193888,1,0.978215231,,,,,,,,,,,,,,,,,,,,,,,,,,,,,,,,,,,,,,,,,,,,,,,,,,,,,,,,,,,,,,,,,,,,,,,,,,,,,,,,,,,,,,,,,,,,,,,,,,,,,,,,,,,,,,,,,,,,,,,,,,,,,,,,,,,,,,,,,,,,,,,,,,,,,,,,,,,,,,,,,,,,,,,,,,,,,,,,,,,,,,,,,,,,,,,,,,,,,,,,,,,,,,,,,,,,,,,,,,,,,,,,,,,,,,,,,,,,,,,,,,,,,,,,,,,,,,,,,,,,,,,,,,,,,,,,,,,,,,,,,,,,,,,,,,,,,,,,,,,,,,,,,,,,,,,,,,,,,,,,,,,,,,,,,,,,,,,,,,,,,,,,,,,,,,,,,,,,,,,,,,,,,,,,,,,,,,,,,,,,,,,,,,,,,,,,,,,,,,,,,,,,,,,,,,,,,,,,,,,,,,,,,,,,,,,,,,,,,,,,,,,,,,,,,,,,,,,,,,,,,,,,,,,,,,,,,,,,,,,,,,,,,,,,,,,,,,,,,,,,,,,,,,,,,,,,,,,,,,,,,,,,,,,,,,,,,,,,,,,,,,,,,,,,,,,,,,,,,,,,,,,,,,,,,,,,,,,,,,,,,,,,,,,,,,,,,,,,,,,,,,
1,24h,100,0,14,0.745267658,6,0.886981908,2,0.884056235,2,0.910346916,1,0.91271257,1,0.579957366,1,0.778289691,1,0.415533224,1,0.958245625,1,0.684380009,1,0.957904902,1,0.913150887,1,0.908968392,1,0.951174325,1,0.747209418,1,0.555804899,,,,,,,,,,,,,,,,,,,,,,,,,,,,,,,,,,,,,,,,,,,,,,,,,,,,,,,,,,,,,,,,,,,,,,,,,,,,,,,,,,,,,,,,,,,,,,,,,,,,,,,,,,,,,,,,,,,,,,,,,,,,,,,,,,,,,,,,,,,,,,,,,,,,,,,,,,,,,,,,,,,,,,,,,,,,,,,,,,,,,,,,,,,,,,,,,,,,,,,,,,,,,,,,,,,,,,,,,,,,,,,,,,,,,,,,,,,,,,,,,,,,,,,,,,,,,,,,,,,,,,,,,,,,,,,,,,,,,,,,,,,,,,,,,,,,,,,,,,,,,,,,,,,,,,,,,,,,,,,,,,,,,,,,,,,,,,,,,,,,,,,,,,,,,,,,,,,,,,,,,,,,,,,,,,,,,,,,,,,,,,,,,,,,,,,,,,,,,,,,,,,,,,,,,,,,,,,,,,,,,,,,,,,,,,,,,,,,,,,,,,,,,,,,,,,,,,,,,,,,,,,,,,,,,,,,,,,,,,,,,,,,,,,,,,,,,,,,,,,,,,,,,,,,,,,,,,,,,,,,,,,,,,,,,,,,,,,,,,,,,,,,,,,,,,,,,,,,,,,,,,,,,,,,,,,,,,,,,,,,,,,,,,,,,,,,,,,,,,
1,24h,116,0,2,0.912271221,1,0.8983696,1,0.72528547,1,0.906311688,1,0.65169484,,,,,,,,,,,,,,,,,,,,,,,,,,,,,,,,,,,,,,,,,,,,,,,,,,,,,,,,,,,,,,,,,,,,,,,,,,,,,,,,,,,,,,,,,,,,,,,,,,,,,,,,,,,,,,,,,,,,,,,,,,,,,,,,,,,,,,,,,,,,,,,,,,,,,,,,,,,,,,,,,,,,,,,,,,,,,,,,,,,,,,,,,,,,,,,,,,,,,,,,,,,,,,,,,,,,,,,,,,,,,,,,,,,,,,,,,,,,,,,,,,,,,,,,,,,,,,,,,,,,,,,,,,,,,,,,,,,,,,,,,,,,,,,,,,,,,,,,,,,,,,,,,,,,,,,,,,,,,,,,,,,,,,,,,,,,,,,,,,,,,,,,,,,,,,,,,,,,,,,,,,,,,,,,,,,,,,,,,,,,,,,,,,,,,,,,,,,,,,,,,,,,,,,,,,,,,,,,,,,,,,,,,,,,,,,,,,,,,,,,,,,,,,,,,,,,,,,,,,,,,,,,,,,,,,,,,,,,,,,,,,,,,,,,,,,,,,,,,,,,,,,,,,,,,,,,,,,,,,,,,,,,,,,,,,,,,,,,,,,,,,,,,,,,,,,,,,,,,,,,,,,,,,,,,,,,,,,,,,,,,,,,,,,,,,,,,,,,,,,,,,,,,,,,,,,,,,,,,,,,
1,24h,255,0,7,0.561978673,6,0.851908187,5,0.735358213,4,0.771803432,4,0.681462847,3,0.989603398,3,0.834836689,3,0.444253584,3,0.565023215,2,0.966359112,2,0.580524774,2,0.657833878,2,0.929854309,1,0.640570642,1,0.766303663,1,0.573832553,1,0.776482407,1,0.884415623,1,0.816573953,1,0.765926738,1,0.893422848,1,0.765008901,1,0.743964902,1,0.901021201,1,0.679533547,1,0.736310658,1,0.92656773,1,0.999309053,1,0.993689814,1,0.823625094,1,0.989483824,1,0.72045238,1,0.912560999,1,0.808687716,1,0.35192787,1,0.854518711,1,0.94282638,1,0.983268935,1,0.982230635,1,0.663547223,1,0.532969669,1,0.575289452,1,0.801735094,1,0.668263521,1,0.621842574,1,0.789835336,1,0.779231391,1,0.970766516,,,,,,,,,,,,,,,,,,,,,,,,,,,,,,,,,,,,,,,,,,,,,,,,,,,,,,,,,,,,,,,,,,,,,,,,,,,,,,,,,,,,,,,,,,,,,,,,,,,,,,,,,,,,,,,,,,,,,,,,,,,,,,,,,,,,,,,,,,,,,,,,,,,,,,,,,,,,,,,,,,,,,,,,,,,,,,,,,,,,,,,,,,,,,,,,,,,,,,,,,,,,,,,,,,,,,,,,,,,,,,,,,,,,,,,,,,,,,,,,,,,,,,,,,,,,,,,,,,,,,,,,,,,,,,,,,,,,,,,,,,,,,,,,,,,,,,,,,,,,,,,,,,,,,,,,,,,,,,,,,,,,,,,,,,,,,,,,,,,,,,,,,,,,,,,,,,,,,,,,,,,,,,,,,,,,,,,,,,,,,,,,,,,,,,,,,,,,,,,,,,,,,,,,,,,,,,,,,,,,,,,,,,,,,,,,,,,,,,,,,,,,,,,,,,,,,,,,,,,,,,,,,,,,,,,,,,,,,,,,,,,,,,,,,,,,,,,,,,,,,,,,,,,,,,,,,,,,,,,,,,,,,,,,,,,,,,
1,24h,449,0,10,0.783098109,9,0.880860456,8,0.801568772,5,0.887198187,5,0.795277781,5,0.918729736,4,0.739543334,4,0.972709214,4,0.750667276,3,0.853584979,3,0.60986482,3,0.56295063,3,0.863980532,2,0.501050093,2,0.657225146,2,0.678172685,2,0.516733406,2,0.722535389,2,0.577800714,2,0.757359284,2,0.942068232,2,0.767871689,2,0.621544732,1,0.971479097,1,0.816854115,1,0.917608868,1,0.740041925,1,0.880815307,1,0.914852502,1,0.954633367,1,0.895984861,1,0.976069377,1,0.852992765,1,0.754423749,1,0.907079815,1,0.518067447,1,0.97696792,1,0.974483197,1,0.650817265,1,0.863384979,1,0.84441662,1,0.962846814,1,0.905556488,1,0.829617655,1,0.728662967,1,0.690469202,,,,,,,,,,,,,,,,,,,,,,,,,,,,,,,,,,,,,,,,,,,,,,,,,,,,,,,,,,,,,,,,,,,,,,,,,,,,,,,,,,,,,,,,,,,,,,,,,,,,,,,,,,,,,,,,,,,,,,,,,,,,,,,,,,,,,,,,,,,,,,,,,,,,,,,,,,,,,,,,,,,,,,,,,,,,,,,,,,,,,,,,,,,,,,,,,,,,,,,,,,,,,,,,,,,,,,,,,,,,,,,,,,,,,,,,,,,,,,,,,,,,,,,,,,,,,,,,,,,,,,,,,,,,,,,,,,,,,,,,,,,,,,,,,,,,,,,,,,,,,,,,,,,,,,,,,,,,,,,,,,,,,,,,,,,,,,,,,,,,,,,,,,,,,,,,,,,,,,,,,,,,,,,,,,,,,,,,,,,,,,,,,,,,,,,,,,,,,,,,,,,,,,,,,,,,,,,,,,,,,,,,,,,,,,,,,,,,,,,,,,,,,,,,,,,,,,,,,,,,,,,,,,,,,,,,,,,,,,,,,,,,,,,,,,,,,,,,,,,,,,,,,,,,,,,,,,,,,,,,,,,,,,,,,,,,,,,,,,
1,24h,3008,0,11,0.828984182,9,0.577912383,7,0.818167342,6,0.728811487,4,0.730211316,4,0.866791921,4,0.840824779,3,0.96947455,3,0.886266531,3,0.626087896,3,0.563565313,3,0.759384576,3,0.789803479,2,0.924625774,2,0.989466176,2,0.979912415,2,0.529250278,2,0.557420896,2,0.820769938,2,0.611450093,2,0.763807659,2,0.845331477,2,0.98840751,2,0.893996315,2,0.663940128,2,0.707647726,2,0.508993074,2,0.312502718,2,0.89534683,2,0.930466567,1,0.732118511,1,0.632806988,1,0.832474916,1,0.801829216,1,0.750988803,1,0.886661724,1,0.913447113,1,0.969636508,1,0.689861605,1,0.729686714,1,0.977247127,1,0.675414943,1,0.92966854,1,0.937873915,1,0.746370511,1,0.708401702,1,0.949193309,1,0.644101966,1,0.533490418,1,0.89130972,1,0.604556099,1,0.75936898,1,0.978291501,1,0.787882218,1,0.985280822,1,0.8020582,1,0.88285674,1,0.768372616,1,0.982142659,1,0.608657274,1,0.791851174,1,0.681664892,1,0.560603849,1,0.989287126,1,0.737920381,1,0.811919656,1,0.910765678,1,0.785009544,1,0.783214056,1,0.881137248,1,0.860685152,1,0.885819647,1,0.863091648,1,0.637555806,1,0.944507501,1,0.941918118,1,0.943055124,1,0.615049294,1,0.929120715,1,0.858064498,1,0.84699407,1,0.703976733,1,0.495489955,1,0.730639459,1,0.884886449,1,0.762266217,1,0.868701915,1,0.616268453,1,0.939195468,1,0.701840473,1,0.983084631,1,0.855331069,1,0.891207351,1,0.99456995,,,,,,,,,,,,,,,,,,,,,,,,,,,,,,,,,,,,,,,,,,,,,,,,,,,,,,,,,,,,,,,,,,,,,,,,,,,,,,,,,,,,,,,,,,,,,,,,,,,,,,,,,,,,,,,,,,,,,,,,,,,,,,,,,,,,,,,,,,,,,,,,,,,,,,,,,,,,,,,,,,,,,,,,,,,,,,,,,,,,,,,,,,,,,,,,,,,,,,,,,,,,,,,,,,,,,,,,,,,,,,,,,,,,,,,,,,,,,,,,,,,,,,,,,,,,,,,,,,,,,,,,,,,,,,,,,,,,,,,,,,,,,,,,,,,,,,,,,,,,,,,,,,,,,,,,,,,,,,,,,,,,,,,,,,,,,,,,,,,,,,,,,,,,,,,,,,,,,,,,,,,,,,,,,,,,,,,,,,,,,,,,,,,,,,,,,,,,,,,,,,,,,,,,,,,,,,,,,,,,,,,,,,,,,,,,,,,,,,,,,,
1,24h,3310,0,12,0.852159079,8,0.709669611,3,0.524120759,3,0.86104537,3,0.752467709,2,0.545035433,2,0.809025729,2,0.939747893,2,0.601500416,2,0.90708608,2,0.764708535,2,0.931675941,1,0.876462814,1,0.657187383,1,0.478061559,1,0.584826331,1,0.732228153,1,0.851327075,1,0.704291184,1,0.882946258,1,0.842895778,1,0.969501122,1,0.903962307,1,0.55402963,1,0.961357767,1,0.790288333,1,0.702166231,1,0.90671211,1,0.680305619,1,0.786412836,1,0.72951517,1,0.875962264,1,0.718036559,1,0.826975838,1,0.963322012,1,0.714858275,1,0.840567376,1,0.782146279,1,0.534941842,1,0.655556423,1,0.822475037,1,0.886921528,1,0.999941569,1,0.784439452,1,0.921781226,1,0.66707661,1,0.853753414,1,0.558481164,1,0.944962109,1,0.984620785,1,0.803681609,1,0.546692051,1,0.771663043,1,0.967478095,1,0.86574041,,,,,,,,,,,,,,,,,,,,,,,,,,,,,,,,,,,,,,,,,,,,,,,,,,,,,,,,,,,,,,,,,,,,,,,,,,,,,,,,,,,,,,,,,,,,,,,,,,,,,,,,,,,,,,,,,,,,,,,,,,,,,,,,,,,,,,,,,,,,,,,,,,,,,,,,,,,,,,,,,,,,,,,,,,,,,,,,,,,,,,,,,,,,,,,,,,,,,,,,,,,,,,,,,,,,,,,,,,,,,,,,,,,,,,,,,,,,,,,,,,,,,,,,,,,,,,,,,,,,,,,,,,,,,,,,,,,,,,,,,,,,,,,,,,,,,,,,,,,,,,,,,,,,,,,,,,,,,,,,,,,,,,,,,,,,,,,,,,,,,,,,,,,,,,,,,,,,,,,,,,,,,,,,,,,,,,,,,,,,,,,,,,,,,,,,,,,,,,,,,,,,,,,,,,,,,,,,,,,,,,,,,,,,,,,,,,,,,,,,,,,,,,,,,,,,,,,,,,,,,,,,,,,,,,,,,,,,,,,,,,,,,,,,,,,,,,,,,,,,,,,,,,,,,,,,,,,,,,,,
2,24h,100,0,8,0.521812876,7,0.566072735,7,0.834140792,3,0.707516727,2,0.657009343,2,0.589816687,2,0.833945814,1,0.954559901,1,0.598543697,1,0.758482619,1,0.840480542,1,0.916359424,1,0.820105544,1,0.568384593,,,,,,,,,,,,,,,,,,,,,,,,,,,,,,,,,,,,,,,,,,,,,,,,,,,,,,,,,,,,,,,,,,,,,,,,,,,,,,,,,,,,,,,,,,,,,,,,,,,,,,,,,,,,,,,,,,,,,,,,,,,,,,,,,,,,,,,,,,,,,,,,,,,,,,,,,,,,,,,,,,,,,,,,,,,,,,,,,,,,,,,,,,,,,,,,,,,,,,,,,,,,,,,,,,,,,,,,,,,,,,,,,,,,,,,,,,,,,,,,,,,,,,,,,,,,,,,,,,,,,,,,,,,,,,,,,,,,,,,,,,,,,,,,,,,,,,,,,,,,,,,,,,,,,,,,,,,,,,,,,,,,,,,,,,,,,,,,,,,,,,,,,,,,,,,,,,,,,,,,,,,,,,,,,,,,,,,,,,,,,,,,,,,,,,,,,,,,,,,,,,,,,,,,,,,,,,,,,,,,,,,,,,,,,,,,,,,,,,,,,,,,,,,,,,,,,,,,,,,,,,,,,,,,,,,,,,,,,,,,,,,,,,,,,,,,,,,,,,,,,,,,,,,,,,,,,,,,,,,,,,,,,,,,,,,,,,,,,,,,,,,,,,,,,,,,,,,,,,,,,,,,,,,,,,,,,,,,,,,,,,,,,,,,,,,,,,,,,,,,,,
2,24h,116,0,2,0.945913871,2,0.583594523,1,0.957792266,1,0.834002123,1,0.954211336,1,0.810106185,1,0.698260501,1,0.850205169,1,0.961470911,1,0.868529995,,,,,,,,,,,,,,,,,,,,,,,,,,,,,,,,,,,,,,,,,,,,,,,,,,,,,,,,,,,,,,,,,,,,,,,,,,,,,,,,,,,,,,,,,,,,,,,,,,,,,,,,,,,,,,,,,,,,,,,,,,,,,,,,,,,,,,,,,,,,,,,,,,,,,,,,,,,,,,,,,,,,,,,,,,,,,,,,,,,,,,,,,,,,,,,,,,,,,,,,,,,,,,,,,,,,,,,,,,,,,,,,,,,,,,,,,,,,,,,,,,,,,,,,,,,,,,,,,,,,,,,,,,,,,,,,,,,,,,,,,,,,,,,,,,,,,,,,,,,,,,,,,,,,,,,,,,,,,,,,,,,,,,,,,,,,,,,,,,,,,,,,,,,,,,,,,,,,,,,,,,,,,,,,,,,,,,,,,,,,,,,,,,,,,,,,,,,,,,,,,,,,,,,,,,,,,,,,,,,,,,,,,,,,,,,,,,,,,,,,,,,,,,,,,,,,,,,,,,,,,,,,,,,,,,,,,,,,,,,,,,,,,,,,,,,,,,,,,,,,,,,,,,,,,,,,,,,,,,,,,,,,,,,,,,,,,,,,,,,,,,,,,,,,,,,,,,,,,,,,,,,,,,,,,,,,,,,,,,,,,,,,,,,,,,,,,,,,,,,,,,,,,,,,,,
2,24h,255,0,2,0.840965055,,,,,,,,,,,,,,,,,,,,,,,,,,,,,,,,,,,,,,,,,,,,,,,,,,,,,,,,,,,,,,,,,,,,,,,,,,,,,,,,,,,,,,,,,,,,,,,,,,,,,,,,,,,,,,,,,,,,,,,,,,,,,,,,,,,,,,,,,,,,,,,,,,,,,,,,,,,,,,,,,,,,,,,,,,,,,,,,,,,,,,,,,,,,,,,,,,,,,,,,,,,,,,,,,,,,,,,,,,,,,,,,,,,,,,,,,,,,,,,,,,,,,,,,,,,,,,,,,,,,,,,,,,,,,,,,,,,,,,,,,,,,,,,,,,,,,,,,,,,,,,,,,,,,,,,,,,,,,,,,,,,,,,,,,,,,,,,,,,,,,,,,,,,,,,,,,,,,,,,,,,,,,,,,,,,,,,,,,,,,,,,,,,,,,,,,,,,,,,,,,,,,,,,,,,,,,,,,,,,,,,,,,,,,,,,,,,,,,,,,,,,,,,,,,,,,,,,,,,,,,,,,,,,,,,,,,,,,,,,,,,,,,,,,,,,,,,,,,,,,,,,,,,,,,,,,,,,,,,,,,,,,,,,,,,,,,,,,,,,,,,,,,,,,,,,,,,,,,,,,,,,,,,,,,,,,,,,,,,,,,,,,,,,,,,,,,,,,,,,,,,,,,,,,,,,,,,,,,,,,,,,,,,,,
2,24h,376,0,1,0.757060602,1,0.735557955,,,,,,,,,,,,,,,,,,,,,,,,,,,,,,,,,,,,,,,,,,,,,,,,,,,,,,,,,,,,,,,,,,,,,,,,,,,,,,,,,,,,,,,,,,,,,,,,,,,,,,,,,,,,,,,,,,,,,,,,,,,,,,,,,,,,,,,,,,,,,,,,,,,,,,,,,,,,,,,,,,,,,,,,,,,,,,,,,,,,,,,,,,,,,,,,,,,,,,,,,,,,,,,,,,,,,,,,,,,,,,,,,,,,,,,,,,,,,,,,,,,,,,,,,,,,,,,,,,,,,,,,,,,,,,,,,,,,,,,,,,,,,,,,,,,,,,,,,,,,,,,,,,,,,,,,,,,,,,,,,,,,,,,,,,,,,,,,,,,,,,,,,,,,,,,,,,,,,,,,,,,,,,,,,,,,,,,,,,,,,,,,,,,,,,,,,,,,,,,,,,,,,,,,,,,,,,,,,,,,,,,,,,,,,,,,,,,,,,,,,,,,,,,,,,,,,,,,,,,,,,,,,,,,,,,,,,,,,,,,,,,,,,,,,,,,,,,,,,,,,,,,,,,,,,,,,,,,,,,,,,,,,,,,,,,,,,,,,,,,,,,,,,,,,,,,,,,,,,,,,,,,,,,,,,,,,,,,,,,,,,,,,,,,,,,,,,,,,,,,,,,,,,,,,,,,,,,,,,,,,,,,,,
2,24h,436,0,5,0.657435218,5,0.871309283,5,0.642262225,4,0.924379395,4,0.652511601,3,0.860081473,3,0.636086147,3,0.76452323,3,0.779076432,3,0.700594646,3,0.881181286,2,0.70016402,2,0.772610243,2,0.893093654,2,0.899407167,2,0.840327569,2,0.900513786,2,0.514789298,2,0.910888813,1,0.906460226,1,0.689900608,1,0.82565458,1,0.491924917,1,0.951356711,1,0.722896445,1,0.651761032,1,0.709136048,1,0.880215888,1,0.53295629,1,0.657322511,1,0.559757165,1,0.895696194,1,0.706380233,1,0.608215088,1,0.897427912,1,0.676357717,1,0.536885426,1,0.893613328,1,0.644903592,1,0.686306314,1,0.643890801,1,0.776400199,1,0.527258349,1,0.897685225,1,0.997945113,1,0.857564158,1,0.97635932,1,0.826793809,1,0.983235761,1,0.689036615,,,,,,,,,,,,,,,,,,,,,,,,,,,,,,,,,,,,,,,,,,,,,,,,,,,,,,,,,,,,,,,,,,,,,,,,,,,,,,,,,,,,,,,,,,,,,,,,,,,,,,,,,,,,,,,,,,,,,,,,,,,,,,,,,,,,,,,,,,,,,,,,,,,,,,,,,,,,,,,,,,,,,,,,,,,,,,,,,,,,,,,,,,,,,,,,,,,,,,,,,,,,,,,,,,,,,,,,,,,,,,,,,,,,,,,,,,,,,,,,,,,,,,,,,,,,,,,,,,,,,,,,,,,,,,,,,,,,,,,,,,,,,,,,,,,,,,,,,,,,,,,,,,,,,,,,,,,,,,,,,,,,,,,,,,,,,,,,,,,,,,,,,,,,,,,,,,,,,,,,,,,,,,,,,,,,,,,,,,,,,,,,,,,,,,,,,,,,,,,,,,,,,,,,,,,,,,,,,,,,,,,,,,,,,,,,,,,,,,,,,,,,,,,,,,,,,,,,,,,,,,,,,,,,,,,,,,,,,,,,,,,,,,,,,,,,,,,,,,,,,,,,,,,,,,,,,,,,,,,,,,,,,,,,,,
2,24h,742,1,1,0.580053395,1,0.875843082,,,,,,,,,,,,,,,,,,,,,,,,,,,,,,,,,,,,,,,,,,,,,,,,,,,,,,,,,,,,,,,,,,,,,,,,,,,,,,,,,,,,,,,,,,,,,,,,,,,,,,,,,,,,,,,,,,,,,,,,,,,,,,,,,,,,,,,,,,,,,,,,,,,,,,,,,,,,,,,,,,,,,,,,,,,,,,,,,,,,,,,,,,,,,,,,,,,,,,,,,,,,,,,,,,,,,,,,,,,,,,,,,,,,,,,,,,,,,,,,,,,,,,,,,,,,,,,,,,,,,,,,,,,,,,,,,,,,,,,,,,,,,,,,,,,,,,,,,,,,,,,,,,,,,,,,,,,,,,,,,,,,,,,,,,,,,,,,,,,,,,,,,,,,,,,,,,,,,,,,,,,,,,,,,,,,,,,,,,,,,,,,,,,,,,,,,,,,,,,,,,,,,,,,,,,,,,,,,,,,,,,,,,,,,,,,,,,,,,,,,,,,,,,,,,,,,,,,,,,,,,,,,,,,,,,,,,,,,,,,,,,,,,,,,,,,,,,,,,,,,,,,,,,,,,,,,,,,,,,,,,,,,,,,,,,,,,,,,,,,,,,,,,,,,,,,,,,,,,,,,,,,,,,,,,,,,,,,,,,,,,,,,,,,,,,,,,,,,,,,,,,,,,,,,,,,,,,,,,,,,,,,,,
2,44h,100,0,7,0.88766355,3,0.913974113,3,0.92670641,2,0.930640946,2,0.901412089,2,0.910089071,2,0.892706251,2,0.799253637,2,0.938402553,2,0.902813476,1,0.918153367,1,0.897209588,1,0.847786883,1,0.646912109,1,0.766190311,1,0.654821103,1,0.854729441,1,0.835930394,1,0.991246641,1,0.886971161,1,0.904846171,1,0.945304981,1,0.706228368,1,0.318784878,1,0.991381432,1,0.937702863,1,0.870005259,1,0.917041924,1,0.764091177,1,0.598569722,1,0.970630622,,,,,,,,,,,,,,,,,,,,,,,,,,,,,,,,,,,,,,,,,,,,,,,,,,,,,,,,,,,,,,,,,,,,,,,,,,,,,,,,,,,,,,,,,,,,,,,,,,,,,,,,,,,,,,,,,,,,,,,,,,,,,,,,,,,,,,,,,,,,,,,,,,,,,,,,,,,,,,,,,,,,,,,,,,,,,,,,,,,,,,,,,,,,,,,,,,,,,,,,,,,,,,,,,,,,,,,,,,,,,,,,,,,,,,,,,,,,,,,,,,,,,,,,,,,,,,,,,,,,,,,,,,,,,,,,,,,,,,,,,,,,,,,,,,,,,,,,,,,,,,,,,,,,,,,,,,,,,,,,,,,,,,,,,,,,,,,,,,,,,,,,,,,,,,,,,,,,,,,,,,,,,,,,,,,,,,,,,,,,,,,,,,,,,,,,,,,,,,,,,,,,,,,,,,,,,,,,,,,,,,,,,,,,,,,,,,,,,,,,,,,,,,,,,,,,,,,,,,,,,,,,,,,,,,,,,,,,,,,,,,,,,,,,,,,,,,,,,,,,,,,,,,,,,,,,,,,,,,,,,,,,,,,,,,,,,,,,,,,,,,,,,,,,,,,,,,,,,,,,,,,,,,,,
2,44h,116,0,10,0.881027969,5,0.745912587,5,0.835762365,4,0.599232404,3,0.558761565,3,0.765986075,3,0.503740348,3,0.821506715,2,0.981564567,2,0.837218505,2,0.913244491,2,0.479523524,2,0.297369769,2,0.791910118,2,0.670267399,2,0.922139414,2,0.976341154,2,0.597348054,2,0.918084989,2,0.725795797,2,0.972996185,2,0.940268943,2,0.866334516,1,0.681029508,1,0.921846584,1,0.835372516,1,0.934981141,1,0.917462303,1,0.377892749,1,0.531328308,1,0.948647221,1,0.969140114,1,0.946600079,1,0.827167869,1,0.662895806,1,0.897479818,1,0.617170954,1,0.730979664,1,0.939401145,1,0.60977685,1,0.93865403,1,0.794631521,1,0.691629828,1,0.887542165,1,0.833694684,1,0.943601151,1,0.880680193,1,0.916186513,1,0.859121345,1,0.890071086,1,0.988328811,1,0.91886094,1,0.757474099,,,,,,,,,,,,,,,,,,,,,,,,,,,,,,,,,,,,,,,,,,,,,,,,,,,,,,,,,,,,,,,,,,,,,,,,,,,,,,,,,,,,,,,,,,,,,,,,,,,,,,,,,,,,,,,,,,,,,,,,,,,,,,,,,,,,,,,,,,,,,,,,,,,,,,,,,,,,,,,,,,,,,,,,,,,,,,,,,,,,,,,,,,,,,,,,,,,,,,,,,,,,,,,,,,,,,,,,,,,,,,,,,,,,,,,,,,,,,,,,,,,,,,,,,,,,,,,,,,,,,,,,,,,,,,,,,,,,,,,,,,,,,,,,,,,,,,,,,,,,,,,,,,,,,,,,,,,,,,,,,,,,,,,,,,,,,,,,,,,,,,,,,,,,,,,,,,,,,,,,,,,,,,,,,,,,,,,,,,,,,,,,,,,,,,,,,,,,,,,,,,,,,,,,,,,,,,,,,,,,,,,,,,,,,,,,,,,,,,,,,,,,,,,,,,,,,,,,,,,,,,,,,,,,,,,,,,,,,,,,,,,,,,,,,,,,,,,,,,,,,,,,,,,,,,,,,,,,,,,,,,,,
2,44h,255,1,5,0.628496396,4,0.923840926,4,0.678246775,3,0.87271438,3,0.687270758,2,0.691992165,2,0.898331616,2,0.854713917,2,0.839210437,2,0.826244819,1,0.647267604,1,0.815429087,1,0.659836778,1,0.888148307,1,0.992328106,1,0.854099866,1,0.944310538,1,0.899184961,1,0.755146152,1,0.999884048,1,0.760050779,1,0.91371681,1,0.895414132,1,0.801258827,1,0.915554403,1,0.996933785,1,0.623584553,1,0.658241889,1,0.680992389,1,0.890274888,1,0.939108786,,,,,,,,,,,,,,,,,,,,,,,,,,,,,,,,,,,,,,,,,,,,,,,,,,,,,,,,,,,,,,,,,,,,,,,,,,,,,,,,,,,,,,,,,,,,,,,,,,,,,,,,,,,,,,,,,,,,,,,,,,,,,,,,,,,,,,,,,,,,,,,,,,,,,,,,,,,,,,,,,,,,,,,,,,,,,,,,,,,,,,,,,,,,,,,,,,,,,,,,,,,,,,,,,,,,,,,,,,,,,,,,,,,,,,,,,,,,,,,,,,,,,,,,,,,,,,,,,,,,,,,,,,,,,,,,,,,,,,,,,,,,,,,,,,,,,,,,,,,,,,,,,,,,,,,,,,,,,,,,,,,,,,,,,,,,,,,,,,,,,,,,,,,,,,,,,,,,,,,,,,,,,,,,,,,,,,,,,,,,,,,,,,,,,,,,,,,,,,,,,,,,,,,,,,,,,,,,,,,,,,,,,,,,,,,,,,,,,,,,,,,,,,,,,,,,,,,,,,,,,,,,,,,,,,,,,,,,,,,,,,,,,,,,,,,,,,,,,,,,,,,,,,,,,,,,,,,,,,,,,,,,,,,,,,,,,,,,,,,,,,,,,,,,,,,,,,,,,,,,,,,,,,,,
2,44h,376,1,10,0.567802224,8,0.869930197,7,0.630671284,6,0.943503209,4,0.752198025,3,0.762847329,3,0.714524625,2,0.720034872,2,0.967611135,2,0.716508772,2,0.958478859,2,0.763136593,2,0.866082144,2,0.74362934,2,0.930460498,2,0.809072279,2,0.84221724,1,0.982136503,1,0.741606723,1,0.654810756,1,0.487886889,1,0.89753827,1,0.922495263,1,0.763703185,1,0.887536568,1,0.918735646,1,0.613892843,1,0.939741234,1,0.328521702,1,0.443401123,1,0.64081302,1,0.980250768,1,0.871364553,1,0.915031887,1,0.866435554,1,0.745147482,1,0.698940063,1,0.964943658,1,0.574372417,1,0.680714207,1,0.497135951,1,0.608544909,1,0.724383535,1,0.75125276,1,0.932570725,1,0.885212782,1,0.939258039,1,0.984397114,1,0.789776313,1,0.864492794,1,0.90063135,1,0.892252014,1,0.936456616,1,0.491148908,1,0.616010439,1,0.415700891,1,0.913077546,,,,,,,,,,,,,,,,,,,,,,,,,,,,,,,,,,,,,,,,,,,,,,,,,,,,,,,,,,,,,,,,,,,,,,,,,,,,,,,,,,,,,,,,,,,,,,,,,,,,,,,,,,,,,,,,,,,,,,,,,,,,,,,,,,,,,,,,,,,,,,,,,,,,,,,,,,,,,,,,,,,,,,,,,,,,,,,,,,,,,,,,,,,,,,,,,,,,,,,,,,,,,,,,,,,,,,,,,,,,,,,,,,,,,,,,,,,,,,,,,,,,,,,,,,,,,,,,,,,,,,,,,,,,,,,,,,,,,,,,,,,,,,,,,,,,,,,,,,,,,,,,,,,,,,,,,,,,,,,,,,,,,,,,,,,,,,,,,,,,,,,,,,,,,,,,,,,,,,,,,,,,,,,,,,,,,,,,,,,,,,,,,,,,,,,,,,,,,,,,,,,,,,,,,,,,,,,,,,,,,,,,,,,,,,,,,,,,,,,,,,,,,,,,,,,,,,,,,,,,,,,,,,,,,,,,,,,,,,,,,,,,,,,,,,,,,,,,,,,,,,,,,,,,,,,,,,,,
2,44h,436,1,7,0.690682544,5,0.928586054,4,0.571614867,3,0.901143065,3,0.769543318,3,0.588861762,3,0.844596044,3,0.932919362,3,0.938420441,2,0.694571763,2,0.738296581,2,0.811541158,2,0.986757271,2,0.715121725,2,0.695797129,2,0.95449258,2,0.856516594,2,0.893678493,2,0.885339556,1,0.957473854,1,0.95363755,1,0.877996466,1,0.843115717,1,0.944603248,1,0.488489049,1,0.786126068,1,0.843208602,1,0.846446716,1,0.916530372,1,0.961240135,1,0.863074161,1,0.996874931,1,0.874084058,1,0.98139843,1,0.825708089,1,0.859236074,1,0.939911646,1,0.984695216,1,0.947395892,1,0.935737792,1,0.99103144,,,,,,,,,,,,,,,,,,,,,,,,,,,,,,,,,,,,,,,,,,,,,,,,,,,,,,,,,,,,,,,,,,,,,,,,,,,,,,,,,,,,,,,,,,,,,,,,,,,,,,,,,,,,,,,,,,,,,,,,,,,,,,,,,,,,,,,,,,,,,,,,,,,,,,,,,,,,,,,,,,,,,,,,,,,,,,,,,,,,,,,,,,,,,,,,,,,,,,,,,,,,,,,,,,,,,,,,,,,,,,,,,,,,,,,,,,,,,,,,,,,,,,,,,,,,,,,,,,,,,,,,,,,,,,,,,,,,,,,,,,,,,,,,,,,,,,,,,,,,,,,,,,,,,,,,,,,,,,,,,,,,,,,,,,,,,,,,,,,,,,,,,,,,,,,,,,,,,,,,,,,,,,,,,,,,,,,,,,,,,,,,,,,,,,,,,,,,,,,,,,,,,,,,,,,,,,,,,,,,,,,,,,,,,,,,,,,,,,,,,,,,,,,,,,,,,,,,,,,,,,,,,,,,,,,,,,,,,,,,,,,,,,,,,,,,,,,,,,,,,,,,,,,,,,,,,,,,,,,,,,,,,,,,,,,,,,,,,,,,,,,,,,,,
2,44h,742,1,9,0.848893719,5,0.747221836,5,0.859513962,5,0.874267666,5,0.645255989,4,0.911717524,4,0.808862378,4,0.885917059,3,0.610193669,3,0.87615698,3,0.791318032,3,0.541769951,3,0.614690014,3,0.777918256,3,0.689729977,3,0.881557247,3,0.737366299,3,0.774103032,2,0.714890079,2,0.844299833,2,0.891253235,2,0.810363449,2,0.745293996,2,0.904590426,2,0.624217214,2,0.526273129,2,0.831822899,2,0.596197446,2,0.909378002,2,0.527777091,2,0.790517599,2,0.731832103,2,0.593682097,2,0.753204691,2,0.737408624,2,0.739985472,2,0.730569998,2,0.778633764,2,0.866991426,2,0.803495209,2,0.779813779,2,0.854654955,2,0.920842584,2,0.954380289,2,0.939548262,2,0.713527773,2,0.885187115,2,0.782460759,2,0.933890973,2,0.938558386,2,0.898043364,1,0.765142232,1,0.501970044,1,0.643211498,1,0.530708807,1,0.58632919,1,0.463342693,1,0.568814557,1,0.688276686,1,0.847194455,1,0.746277241,1,0.749103623,1,0.725111119,1,0.576494704,1,0.679425376,1,0.710533358,1,0.629832956,1,0.484260714,1,0.779031166,1,0.799048035,1,0.616176378,1,0.956355188,1,0.999083774,1,0.676583835,1,0.84113578,1,0.710709483,1,0.654532351,1,0.828106429,1,0.989053704,1,0.643425624,1,0.875854059,1,0.967031459,1,0.920490625,1,0.880124399,1,0.73394596,1,0.750423742,1,0.960798374,1,0.977887385,1,0.655849399,1,0.813499664,1,0.714709266,1,0.851751772,1,0.724541802,1,0.868173931,1,0.944761001,1,0.710075943,1,0.722551212,1,0.93690355,1,0.561102367,1,0.612551706,1,0.424691701,1,0.754179734,1,0.703625456,1,0.883327006,1,0.724749117,1,0.844337253,1,0.99803157,,,,,,,,,,,,,,,,,,,,,,,,,,,,,,,,,,,,,,,,,,,,,,,,,,,,,,,,,,,,,,,,,,,,,,,,,,,,,,,,,,,,,,,,,,,,,,,,,,,,,,,,,,,,,,,,,,,,,,,,,,,,,,,,,,,,,,,,,,,,,,,,,,,,,,,,,,,,,,,,,,,,,,,,,,,,,,,,,,,,,,,,,,,,,,,,,,,,,,,,,,,,,,,,,,,,,,,,,,,,,,,,,,,,,,,,,,,,,,,,,,,,,,,,,,,,,,,,,,,,,,,,,,,,,,,,,,,,,,,,,,,,,,,,,,,,,,,,,,,,,,,,,,,,,,,,,,,,,,,,,,,,,,,,,,,,,,,,,,,,,,,,,,,,,,,,,,,,,,,,,,,,,,,,,,,,,,,,,,,,,,,,,,,,,,,,,,,,,,,,,,,,,,,,,,,,,,,,
3,24h,100,0,2,0.820873534,1,0.860753031,1,0.6083841,1,0.929224384,1,0.83236198,1,0.677415454,1,0.865319002,1,0.955869071,,,,,,,,,,,,,,,,,,,,,,,,,,,,,,,,,,,,,,,,,,,,,,,,,,,,,,,,,,,,,,,,,,,,,,,,,,,,,,,,,,,,,,,,,,,,,,,,,,,,,,,,,,,,,,,,,,,,,,,,,,,,,,,,,,,,,,,,,,,,,,,,,,,,,,,,,,,,,,,,,,,,,,,,,,,,,,,,,,,,,,,,,,,,,,,,,,,,,,,,,,,,,,,,,,,,,,,,,,,,,,,,,,,,,,,,,,,,,,,,,,,,,,,,,,,,,,,,,,,,,,,,,,,,,,,,,,,,,,,,,,,,,,,,,,,,,,,,,,,,,,,,,,,,,,,,,,,,,,,,,,,,,,,,,,,,,,,,,,,,,,,,,,,,,,,,,,,,,,,,,,,,,,,,,,,,,,,,,,,,,,,,,,,,,,,,,,,,,,,,,,,,,,,,,,,,,,,,,,,,,,,,,,,,,,,,,,,,,,,,,,,,,,,,,,,,,,,,,,,,,,,,,,,,,,,,,,,,,,,,,,,,,,,,,,,,,,,,,,,,,,,,,,,,,,,,,,,,,,,,,,,,,,,,,,,,,,,,,,,,,,,,,,,,,,,,,,,,,,,,,,,,,,,,,,,,,,,,,,,,,,,,,,,,,,,,,,,,,,,,,,,,,,,,,,,,,,
3,24h,116,1,4,0.951564615,1,0.747573468,,,,,,,,,,,,,,,,,,,,,,,,,,,,,,,,,,,,,,,,,,,,,,,,,,,,,,,,,,,,,,,,,,,,,,,,,,,,,,,,,,,,,,,,,,,,,,,,,,,,,,,,,,,,,,,,,,,,,,,,,,,,,,,,,,,,,,,,,,,,,,,,,,,,,,,,,,,,,,,,,,,,,,,,,,,,,,,,,,,,,,,,,,,,,,,,,,,,,,,,,,,,,,,,,,,,,,,,,,,,,,,,,,,,,,,,,,,,,,,,,,,,,,,,,,,,,,,,,,,,,,,,,,,,,,,,,,,,,,,,,,,,,,,,,,,,,,,,,,,,,,,,,,,,,,,,,,,,,,,,,,,,,,,,,,,,,,,,,,,,,,,,,,,,,,,,,,,,,,,,,,,,,,,,,,,,,,,,,,,,,,,,,,,,,,,,,,,,,,,,,,,,,,,,,,,,,,,,,,,,,,,,,,,,,,,,,,,,,,,,,,,,,,,,,,,,,,,,,,,,,,,,,,,,,,,,,,,,,,,,,,,,,,,,,,,,,,,,,,,,,,,,,,,,,,,,,,,,,,,,,,,,,,,,,,,,,,,,,,,,,,,,,,,,,,,,,,,,,,,,,,,,,,,,,,,,,,,,,,,,,,,,,,,,,,,,,,,,,,,,,,,,,,,,,,,,,,,,,,,,,,,,,,
3,24h,218,1,7,0.876743688,4,0.774994075,3,0.97792086,3,0.938325517,3,0.813403768,2,0.940669333,2,0.881999088,1,0.756703714,1,0.767124423,1,0.985285486,1,0.85496517,1,0.840898194,1,0.930007909,1,0.624911978,1,0.814103308,1,0.832693044,1,0.715223505,1,0.516039617,1,0.992729802,,,,,,,,,,,,,,,,,,,,,,,,,,,,,,,,,,,,,,,,,,,,,,,,,,,,,,,,,,,,,,,,,,,,,,,,,,,,,,,,,,,,,,,,,,,,,,,,,,,,,,,,,,,,,,,,,,,,,,,,,,,,,,,,,,,,,,,,,,,,,,,,,,,,,,,,,,,,,,,,,,,,,,,,,,,,,,,,,,,,,,,,,,,,,,,,,,,,,,,,,,,,,,,,,,,,,,,,,,,,,,,,,,,,,,,,,,,,,,,,,,,,,,,,,,,,,,,,,,,,,,,,,,,,,,,,,,,,,,,,,,,,,,,,,,,,,,,,,,,,,,,,,,,,,,,,,,,,,,,,,,,,,,,,,,,,,,,,,,,,,,,,,,,,,,,,,,,,,,,,,,,,,,,,,,,,,,,,,,,,,,,,,,,,,,,,,,,,,,,,,,,,,,,,,,,,,,,,,,,,,,,,,,,,,,,,,,,,,,,,,,,,,,,,,,,,,,,,,,,,,,,,,,,,,,,,,,,,,,,,,,,,,,,,,,,,,,,,,,,,,,,,,,,,,,,,,,,,,,,,,,,,,,,,,,,,,,,,,,,,,,,,,,,,,,,,,,,,,,,,,,,,,,,,,,,,,,,,,,,,,,,,,,,,,,,,
3,24h,255,1,8,0.928755919,7,0.723531171,7,0.856482107,6,0.725941731,5,0.718652298,5,0.802570233,4,0.69259128,2,0.890424463,2,0.707450598,2,0.941652205,2,0.859771341,2,0.912355314,2,0.58467522,2,0.726073269,1,0.782835203,1,0.9662325,1,0.780633983,1,0.666905826,1,0.861747576,1,0.909178171,1,0.922049587,1,0.811642618,1,0.884024018,1,0.859866175,1,0.980254793,1,0.870505334,1,0.740977812,1,0.777240579,1,0.537110121,1,0.76547948,1,0.959051622,1,0.648971096,1,0.994830565,1,0.869297748,1,0.747114799,1,0.993931393,1,0.818355914,1,0.87425958,1,0.669677413,1,0.616214876,,,,,,,,,,,,,,,,,,,,,,,,,,,,,,,,,,,,,,,,,,,,,,,,,,,,,,,,,,,,,,,,,,,,,,,,,,,,,,,,,,,,,,,,,,,,,,,,,,,,,,,,,,,,,,,,,,,,,,,,,,,,,,,,,,,,,,,,,,,,,,,,,,,,,,,,,,,,,,,,,,,,,,,,,,,,,,,,,,,,,,,,,,,,,,,,,,,,,,,,,,,,,,,,,,,,,,,,,,,,,,,,,,,,,,,,,,,,,,,,,,,,,,,,,,,,,,,,,,,,,,,,,,,,,,,,,,,,,,,,,,,,,,,,,,,,,,,,,,,,,,,,,,,,,,,,,,,,,,,,,,,,,,,,,,,,,,,,,,,,,,,,,,,,,,,,,,,,,,,,,,,,,,,,,,,,,,,,,,,,,,,,,,,,,,,,,,,,,,,,,,,,,,,,,,,,,,,,,,,,,,,,,,,,,,,,,,,,,,,,,,,,,,,,,,,,,,,,,,,,,,,,,,,,,,,,,,,,,,,,,,,,,,,,,,,,,,,,,,,,,,,,,,,,,,,,,,,,,,,,,,,,,,,,,,,,,,,,,,,,,,,,,,,,,,
3,24h,436,0,8,0.923742078,3,0.858265888,3,0.872075735,2,0.953311401,2,0.657774245,2,0.547282136,2,0.870556704,1,0.865625946,1,0.832478659,1,0.90442171,1,0.831727668,1,0.98367071,1,0.817026005,1,0.658074193,1,0.780016383,1,0.800849001,1,0.727781757,1,0.832024026,1,0.994613591,1,0.876124266,,,,,,,,,,,,,,,,,,,,,,,,,,,,,,,,,,,,,,,,,,,,,,,,,,,,,,,,,,,,,,,,,,,,,,,,,,,,,,,,,,,,,,,,,,,,,,,,,,,,,,,,,,,,,,,,,,,,,,,,,,,,,,,,,,,,,,,,,,,,,,,,,,,,,,,,,,,,,,,,,,,,,,,,,,,,,,,,,,,,,,,,,,,,,,,,,,,,,,,,,,,,,,,,,,,,,,,,,,,,,,,,,,,,,,,,,,,,,,,,,,,,,,,,,,,,,,,,,,,,,,,,,,,,,,,,,,,,,,,,,,,,,,,,,,,,,,,,,,,,,,,,,,,,,,,,,,,,,,,,,,,,,,,,,,,,,,,,,,,,,,,,,,,,,,,,,,,,,,,,,,,,,,,,,,,,,,,,,,,,,,,,,,,,,,,,,,,,,,,,,,,,,,,,,,,,,,,,,,,,,,,,,,,,,,,,,,,,,,,,,,,,,,,,,,,,,,,,,,,,,,,,,,,,,,,,,,,,,,,,,,,,,,,,,,,,,,,,,,,,,,,,,,,,,,,,,,,,,,,,,,,,,,,,,,,,,,,,,,,,,,,,,,,,,,,,,,,,,,,,,,,,,,,,,,,,,,,,,,,,,,,,,,,,,,
4,24h,255,0,3,0.549970017,3,0.972337971,3,0.95417495,2,0.519569198,2,0.653844376,2,0.757726104,2,0.772241807,2,0.946838994,2,0.859598188,1,0.763137918,1,0.98474533,1,0.840234391,1,0.820987376,1,0.624548808,1,0.796501681,1,0.907398042,1,0.960236827,1,0.927249812,1,0.804889443,1,0.931270896,1,0.548723358,1,0.748043885,,,,,,,,,,,,,,,,,,,,,,,,,,,,,,,,,,,,,,,,,,,,,,,,,,,,,,,,,,,,,,,,,,,,,,,,,,,,,,,,,,,,,,,,,,,,,,,,,,,,,,,,,,,,,,,,,,,,,,,,,,,,,,,,,,,,,,,,,,,,,,,,,,,,,,,,,,,,,,,,,,,,,,,,,,,,,,,,,,,,,,,,,,,,,,,,,,,,,,,,,,,,,,,,,,,,,,,,,,,,,,,,,,,,,,,,,,,,,,,,,,,,,,,,,,,,,,,,,,,,,,,,,,,,,,,,,,,,,,,,,,,,,,,,,,,,,,,,,,,,,,,,,,,,,,,,,,,,,,,,,,,,,,,,,,,,,,,,,,,,,,,,,,,,,,,,,,,,,,,,,,,,,,,,,,,,,,,,,,,,,,,,,,,,,,,,,,,,,,,,,,,,,,,,,,,,,,,,,,,,,,,,,,,,,,,,,,,,,,,,,,,,,,,,,,,,,,,,,,,,,,,,,,,,,,,,,,,,,,,,,,,,,,,,,,,,,,,,,,,,,,,,,,,,,,,,,,,,,,,,,,,,,,,,,,,,,,,,,,,,,,,,,,,,,,,,,,,,,,,,,,,,,,,,,,,,,,,,,,,,,,,,,,
4,24h,376,0,1,0.941352638,,,,,,,,,,,,,,,,,,,,,,,,,,,,,,,,,,,,,,,,,,,,,,,,,,,,,,,,,,,,,,,,,,,,,,,,,,,,,,,,,,,,,,,,,,,,,,,,,,,,,,,,,,,,,,,,,,,,,,,,,,,,,,,,,,,,,,,,,,,,,,,,,,,,,,,,,,,,,,,,,,,,,,,,,,,,,,,,,,,,,,,,,,,,,,,,,,,,,,,,,,,,,,,,,,,,,,,,,,,,,,,,,,,,,,,,,,,,,,,,,,,,,,,,,,,,,,,,,,,,,,,,,,,,,,,,,,,,,,,,,,,,,,,,,,,,,,,,,,,,,,,,,,,,,,,,,,,,,,,,,,,,,,,,,,,,,,,,,,,,,,,,,,,,,,,,,,,,,,,,,,,,,,,,,,,,,,,,,,,,,,,,,,,,,,,,,,,,,,,,,,,,,,,,,,,,,,,,,,,,,,,,,,,,,,,,,,,,,,,,,,,,,,,,,,,,,,,,,,,,,,,,,,,,,,,,,,,,,,,,,,,,,,,,,,,,,,,,,,,,,,,,,,,,,,,,,,,,,,,,,,,,,,,,,,,,,,,,,,,,,,,,,,,,,,,,,,,,,,,,,,,,,,,,,,,,,,,,,,,,,,,,,,,,,,,,,,,,,,,,,,,,,,,,,,,,,,,,,,,,,,,,,,,,
4,24h,2372,0,1,0.822581744,1,0.517841558,,,,,,,,,,,,,,,,,,,,,,,,,,,,,,,,,,,,,,,,,,,,,,,,,,,,,,,,,,,,,,,,,,,,,,,,,,,,,,,,,,,,,,,,,,,,,,,,,,,,,,,,,,,,,,,,,,,,,,,,,,,,,,,,,,,,,,,,,,,,,,,,,,,,,,,,,,,,,,,,,,,,,,,,,,,,,,,,,,,,,,,,,,,,,,,,,,,,,,,,,,,,,,,,,,,,,,,,,,,,,,,,,,,,,,,,,,,,,,,,,,,,,,,,,,,,,,,,,,,,,,,,,,,,,,,,,,,,,,,,,,,,,,,,,,,,,,,,,,,,,,,,,,,,,,,,,,,,,,,,,,,,,,,,,,,,,,,,,,,,,,,,,,,,,,,,,,,,,,,,,,,,,,,,,,,,,,,,,,,,,,,,,,,,,,,,,,,,,,,,,,,,,,,,,,,,,,,,,,,,,,,,,,,,,,,,,,,,,,,,,,,,,,,,,,,,,,,,,,,,,,,,,,,,,,,,,,,,,,,,,,,,,,,,,,,,,,,,,,,,,,,,,,,,,,,,,,,,,,,,,,,,,,,,,,,,,,,,,,,,,,,,,,,,,,,,,,,,,,,,,,,,,,,,,,,,,,,,,,,,,,,,,,,,,,,,,,,,,,,,,,,,,,,,,,,,,,,,,,,,,,,,,,
4,48h,255,1,9,0.619820936,5,0.59336556,4,0.808874219,3,0.898112614,3,0.597484192,3,0.784194429,2,0.707205434,2,0.550997449,2,0.764941975,2,0.97823493,2,0.687562906,2,0.616804514,2,0.830466966,1,0.943210679,1,0.920464954,1,0.707914319,1,0.879425408,1,0.528592138,1,0.314691346,1,0.78403142,1,0.950589391,1,0.738635763,1,0.666752513,1,0.824506539,1,0.378403506,1,0.894581204,1,0.765291039,1,0.866649973,1,0.978598283,1,0.843032626,1,0.89772435,,,,,,,,,,,,,,,,,,,,,,,,,,,,,,,,,,,,,,,,,,,,,,,,,,,,,,,,,,,,,,,,,,,,,,,,,,,,,,,,,,,,,,,,,,,,,,,,,,,,,,,,,,,,,,,,,,,,,,,,,,,,,,,,,,,,,,,,,,,,,,,,,,,,,,,,,,,,,,,,,,,,,,,,,,,,,,,,,,,,,,,,,,,,,,,,,,,,,,,,,,,,,,,,,,,,,,,,,,,,,,,,,,,,,,,,,,,,,,,,,,,,,,,,,,,,,,,,,,,,,,,,,,,,,,,,,,,,,,,,,,,,,,,,,,,,,,,,,,,,,,,,,,,,,,,,,,,,,,,,,,,,,,,,,,,,,,,,,,,,,,,,,,,,,,,,,,,,,,,,,,,,,,,,,,,,,,,,,,,,,,,,,,,,,,,,,,,,,,,,,,,,,,,,,,,,,,,,,,,,,,,,,,,,,,,,,,,,,,,,,,,,,,,,,,,,,,,,,,,,,,,,,,,,,,,,,,,,,,,,,,,,,,,,,,,,,,,,,,,,,,,,,,,,,,,,,,,,,,,,,,,,,,,,,,,,,,,,,,,,,,,,,,,,,,,,,,,,,,,,,,,,,,,,
4,48h,376,1,1,0.994775298,1,0.551044893,1,0.807772728,1,0.85793549,1,0.865401493,1,0.817464206,1,0.903909849,1,0.468809783,,,,,,,,,,,,,,,,,,,,,,,,,,,,,,,,,,,,,,,,,,,,,,,,,,,,,,,,,,,,,,,,,,,,,,,,,,,,,,,,,,,,,,,,,,,,,,,,,,,,,,,,,,,,,,,,,,,,,,,,,,,,,,,,,,,,,,,,,,,,,,,,,,,,,,,,,,,,,,,,,,,,,,,,,,,,,,,,,,,,,,,,,,,,,,,,,,,,,,,,,,,,,,,,,,,,,,,,,,,,,,,,,,,,,,,,,,,,,,,,,,,,,,,,,,,,,,,,,,,,,,,,,,,,,,,,,,,,,,,,,,,,,,,,,,,,,,,,,,,,,,,,,,,,,,,,,,,,,,,,,,,,,,,,,,,,,,,,,,,,,,,,,,,,,,,,,,,,,,,,,,,,,,,,,,,,,,,,,,,,,,,,,,,,,,,,,,,,,,,,,,,,,,,,,,,,,,,,,,,,,,,,,,,,,,,,,,,,,,,,,,,,,,,,,,,,,,,,,,,,,,,,,,,,,,,,,,,,,,,,,,,,,,,,,,,,,,,,,,,,,,,,,,,,,,,,,,,,,,,,,,,,,,,,,,,,,,,,,,,,,,,,,,,,,,,,,,,,,,,,,,,,,,,,,,,,,,,,,,,,,,,,,,,,,,,,,,,,,,,,,,,,,,,,,,,,,,
4,48h,436,1,12,0.560308457,11,0.833593179,11,0.421291443,10,0.576475153,9,0.918317752,8,0.876953701,6,0.439408658,6,0.411899433,6,0.843068998,6,0.588626055,6,0.63277294,5,0.454735398,4,0.379683372,4,0.290812826,4,0.58440506,4,0.814237878,4,0.856819961,4,0.846230365,4,0.630512735,4,0.682361052,4,0.675271822,3,0.565887995,3,0.397987257,3,0.420912771,3,0.784415062,3,0.346203619,3,0.337140636,3,0.888466835,3,0.601764977,3,0.466025802,3,0.632590748,3,0.636654248,3,0.631251813,3,0.68746101,3,0.991864517,3,0.777783399,3,0.536387943,3,0.779419917,3,0.661407849,3,0.409156049,3,0.546388855,3,0.898352228,3,0.680158022,3,0.977670104,3,0.304891219,3,0.723426553,2,0.504303756,2,0.541258677,2,0.419496275,2,0.556422016,2,0.349559665,2,0.492368715,2,0.639070449,2,0.441945547,2,0.238769194,2,0.492090374,2,0.480198515,2,0.581931347,2,0.352205244,2,0.665014233,2,0.461543046,2,0.609366743,2,0.466820266,2,0.259775417,2,0.91723804,2,0.311773129,2,0.897759474,2,0.506757333,2,0.486831738,2,0.279669258,2,0.847592527,2,0.551680235,2,0.297816178,2,0.800135289,2,0.869073417,2,0.663702196,2,0.874741609,2,0.738850209,2,0.605689837,2,0.880350463,2,0.806720899,2,0.874653013,2,0.62744248,2,0.679405215,2,0.986905327,2,0.623426929,2,0.891318732,2,0.711993435,2,0.785374065,2,0.366921404,2,0.788709619,2,0.77823436,2,0.645898759,2,0.783355306,2,0.895145324,2,0.673807764,2,0.84670027,2,0.71640435,2,0.652906524,2,0.778133261,2,0.87126026,2,0.622284166,2,0.497698079,2,0.636061339,1,0.9325309,1,0.885136792,1,0.763086388,1,0.764292986,1,0.780287347,1,0.88927259,1,0.750265781,1,0.603205029,1,0.840556841,1,0.375883838,1,0.506038107,1,0.5553647,1,0.405753235,1,0.537609365,1,0.568194362,1,0.696103114,1,0.643269576,1,0.76316815,1,0.54810315,1,0.903459297,1,0.713031445,1,0.683018843,1,0.457904126,1,0.286906795,1,0.819358911,1,0.808672756,1,0.312641857,1,0.661306886,1,0.187428427,1,0.637013402,1,0.739764948,1,0.369323503,1,0.628126694,1,0.479907351,1,0.267582213,1,0.870199542,1,0.98083906,1,0.936310043,1,0.503097779,1,0.357583456,1,0.514657961,1,0.769039972,1,0.710747859,1,0.950347924,1,0.571752617,1,0.844389802,1,0.453818561,1,0.834544662,1,0.722260808,1,0.77019996,1,0.772667957,1,0.794879556,1,0.662356604,1,0.317973436,1,0.791237588,1,0.921936468,1,0.887574534,1,0.497711976,1,0.270497448,1,0.685729506,1,0.451349154,1,0.725101349,1,0.533630314,1,0.802862428,1,0.352882218,1,0.605016234,1,0.399551499,1,0.589088404,1,0.474180251,1,0.977630652,1,0.62841643,1,0.468024954,1,0.717021495,1,0.69411809,1,0.806233146,1,0.773625622,1,0.940188368,1,0.660619498,1,0.961570325,1,0.665751768,1,0.92204795,1,0.57025565,1,0.870268317,1,0.551153105,1,0.985998183,1,0.752989464,1,0.518676034,1,0.489119375,1,0.689415355,1,0.81823958,1,0.386348511,1,0.823688069,1,0.609946125,1,0.735583908,1,0.373542971,1,0.711519444,1,0.819736974,1,0.413197141,1,0.969539509,1,0.966975017,1,0.436685103,1,0.436371882,1,0.604893456,1,0.80212169,1,0.664244106,1,0.701568347,1,0.508221224,1,0.753375799,1,0.751589538,1,0.705074654,1,0.563740479,1,0.973749728,1,0.838218857,1,0.737051521,1,0.984537776,1,0.643321384,1,0.69190437,1,0.525145389,1,0.87090296,1,0.698304852,1,0.531675292,1,0.725647194,1,0.670160222,1,0.809449155,1,0.95480874,1,0.705648769,1,0.996458334,1,0.874666526,1,0.86574536,1,0.922650063,1,0.965394621,1,0.510441091,1,0.49182355,1,0.497043293,1,0.783921508,1,0.902006078,1,0.892732091,1,0.65331093,1,0.618248667,1,0.953662896,1,0.505168991,1,0.605498533,1,0.986020835,1,0.745780135,1,0.42083425,1,0.898202962,1,0.943127931,1,0.664692659,1,0.335133065,1,0.908788489,1,0.606163936,1,0.598035254,1,0.826730536,1,0.51694109,1,0.841852398,1,0.932873243,1,0.791951005,1,0.954211883,1,0.906765118,1,0.845410536,1,0.819691474,1,0.769331216,1,0.952720992,1,0.802747289,1,0.959661748,1,0.69999127,1,0.83466215,,,,,,,,,,,,,,,,,,,,,,,,,,,,,,,,,,,,,,,,,,,,,,,,,,,,,,,,,,,,,,,,,,,,,,,,,,,,,,,,,,,,,,,,
4,48h,742,1,8,0.754832719,8,0.760301583,4,0.836329776,4,0.671697352,4,0.463309222,4,0.66513024,3,0.82387158,3,0.76563508,3,0.654765427,2,0.561001323,2,0.509624186,2,0.692914873,2,0.782086079,2,0.83727122,2,0.570663874,2,0.754916014,2,0.592676992,2,0.675433547,1,0.728914697,1,0.517026822,1,0.659634698,1,0.766724209,1,0.657818074,1,0.805524915,1,0.77847315,1,0.639296421,1,0.531511747,1,0.968670425,1,0.674129805,1,0.904684217,1,0.556373629,1,0.682502974,1,0.921889796,1,0.924702778,,,,,,,,,,,,,,,,,,,,,,,,,,,,,,,,,,,,,,,,,,,,,,,,,,,,,,,,,,,,,,,,,,,,,,,,,,,,,,,,,,,,,,,,,,,,,,,,,,,,,,,,,,,,,,,,,,,,,,,,,,,,,,,,,,,,,,,,,,,,,,,,,,,,,,,,,,,,,,,,,,,,,,,,,,,,,,,,,,,,,,,,,,,,,,,,,,,,,,,,,,,,,,,,,,,,,,,,,,,,,,,,,,,,,,,,,,,,,,,,,,,,,,,,,,,,,,,,,,,,,,,,,,,,,,,,,,,,,,,,,,,,,,,,,,,,,,,,,,,,,,,,,,,,,,,,,,,,,,,,,,,,,,,,,,,,,,,,,,,,,,,,,,,,,,,,,,,,,,,,,,,,,,,,,,,,,,,,,,,,,,,,,,,,,,,,,,,,,,,,,,,,,,,,,,,,,,,,,,,,,,,,,,,,,,,,,,,,,,,,,,,,,,,,,,,,,,,,,,,,,,,,,,,,,,,,,,,,,,,,,,,,,,,,,,,,,,,,,,,,,,,,,,,,,,,,,,,,,,,,,,,,,,,,,,,,,,,,,,,,,,,,,,,,,,,,,,,,,,,,,,
4,48h,3008,0,5,0.516886273,5,0.749696089,5,0.592309389,4,0.616990091,4,0.920825173,3,0.745113698,3,0.517288048,2,0.589420891,2,0.452703188,2,0.539894206,2,0.623701234,2,0.933921091,2,0.932267866,2,0.821579067,2,0.845994538,2,0.677830935,2,0.679480079,1,0.758013107,1,0.478493387,1,0.283130105,1,0.666812545,1,0.423623756,1,0.605184708,1,0.653208629,1,0.52536576,1,0.301157222,1,0.89904929,1,0.450475093,1,0.52582906,1,0.380848547,1,0.865851184,1,0.515742524,1,0.718362983,1,0.958998162,1,0.996139457,1,0.464097953,1,0.295596681,1,0.413459971,1,0.632406974,1,0.90854809,1,0.972626689,1,0.49714062,1,0.2684974,1,0.872410557,1,0.905000754,1,0.535885379,1,0.398596564,1,0.613705825,1,0.339550155,1,0.93889921,1,0.86719676,1,0.911667883,1,0.921298657,1,0.427534985,1,0.490178764,1,0.861893267,1,0.607595708,1,0.942913977,1,0.820620442,1,0.457916062,1,0.881296626,1,0.530497032,1,0.674157691,1,0.557883826,1,0.836516052,1,0.965295093,1,0.951482137,1,0.89569458,1,0.654825729,1,0.766708549,1,0.878411139,1,0.945798167,,,,,,,,,,,,,,,,,,,,,,,,,,,,,,,,,,,,,,,,,,,,,,,,,,,,,,,,,,,,,,,,,,,,,,,,,,,,,,,,,,,,,,,,,,,,,,,,,,,,,,,,,,,,,,,,,,,,,,,,,,,,,,,,,,,,,,,,,,,,,,,,,,,,,,,,,,,,,,,,,,,,,,,,,,,,,,,,,,,,,,,,,,,,,,,,,,,,,,,,,,,,,,,,,,,,,,,,,,,,,,,,,,,,,,,,,,,,,,,,,,,,,,,,,,,,,,,,,,,,,,,,,,,,,,,,,,,,,,,,,,,,,,,,,,,,,,,,,,,,,,,,,,,,,,,,,,,,,,,,,,,,,,,,,,,,,,,,,,,,,,,,,,,,,,,,,,,,,,,,,,,,,,,,,,,,,,,,,,,,,,,,,,,,,,,,,,,,,,,,,,,,,,,,,,,,,,,,,,,,,,,,,,,,,,,,,,,,,,,,,,,,,,,,,,,,,,,,,,,,,,,,,,,,,,,,,,,,,,,,,,,,,,
5,24h,255,1,3,0.894148011,3,0.86710163,2,0.851467799,2,0.95293245,1,0.978717268,1,0.92013277,1,0.985124778,1,0.985160253,1,0.859257305,1,0.848261861,1,0.947671862,1,0.858919622,1,0.91189922,1,0.893175291,1,0.934800697,1,0.904379148,,,,,,,,,,,,,,,,,,,,,,,,,,,,,,,,,,,,,,,,,,,,,,,,,,,,,,,,,,,,,,,,,,,,,,,,,,,,,,,,,,,,,,,,,,,,,,,,,,,,,,,,,,,,,,,,,,,,,,,,,,,,,,,,,,,,,,,,,,,,,,,,,,,,,,,,,,,,,,,,,,,,,,,,,,,,,,,,,,,,,,,,,,,,,,,,,,,,,,,,,,,,,,,,,,,,,,,,,,,,,,,,,,,,,,,,,,,,,,,,,,,,,,,,,,,,,,,,,,,,,,,,,,,,,,,,,,,,,,,,,,,,,,,,,,,,,,,,,,,,,,,,,,,,,,,,,,,,,,,,,,,,,,,,,,,,,,,,,,,,,,,,,,,,,,,,,,,,,,,,,,,,,,,,,,,,,,,,,,,,,,,,,,,,,,,,,,,,,,,,,,,,,,,,,,,,,,,,,,,,,,,,,,,,,,,,,,,,,,,,,,,,,,,,,,,,,,,,,,,,,,,,,,,,,,,,,,,,,,,,,,,,,,,,,,,,,,,,,,,,,,,,,,,,,,,,,,,,,,,,,,,,,,,,,,,,,,,,,,,,,,,,,,,,,,,,,,,,,,,,,,,,,,,,,,,,,,,,,,,,,,,,,,,,,,,,,,,,,,
5,24h,376,0,8,0.537556559,4,0.665099207,3,0.933892188,3,0.821785252,3,0.65150173,2,0.925653195,2,0.805444853,2,0.777522307,1,0.700528681,1,0.910323204,1,0.781935895,1,0.96811567,1,0.688635762,1,0.813445703,1,0.687773516,1,0.751965138,1,0.522069848,1,0.869169225,1,0.888753898,1,0.64030813,1,0.934762214,1,0.755856036,1,0.760781785,1,0.926725006,1,0.825562702,1,0.851406964,1,0.993332561,1,0.75675851,,,,,,,,,,,,,,,,,,,,,,,,,,,,,,,,,,,,,,,,,,,,,,,,,,,,,,,,,,,,,,,,,,,,,,,,,,,,,,,,,,,,,,,,,,,,,,,,,,,,,,,,,,,,,,,,,,,,,,,,,,,,,,,,,,,,,,,,,,,,,,,,,,,,,,,,,,,,,,,,,,,,,,,,,,,,,,,,,,,,,,,,,,,,,,,,,,,,,,,,,,,,,,,,,,,,,,,,,,,,,,,,,,,,,,,,,,,,,,,,,,,,,,,,,,,,,,,,,,,,,,,,,,,,,,,,,,,,,,,,,,,,,,,,,,,,,,,,,,,,,,,,,,,,,,,,,,,,,,,,,,,,,,,,,,,,,,,,,,,,,,,,,,,,,,,,,,,,,,,,,,,,,,,,,,,,,,,,,,,,,,,,,,,,,,,,,,,,,,,,,,,,,,,,,,,,,,,,,,,,,,,,,,,,,,,,,,,,,,,,,,,,,,,,,,,,,,,,,,,,,,,,,,,,,,,,,,,,,,,,,,,,,,,,,,,,,,,,,,,,,,,,,,,,,,,,,,,,,,,,,,,,,,,,,,,,,,,,,,,,,,,,,,,,,,,,,,,,,,,,,,,,,,,,,,,,,,
5,24h,436,0,5,0.912513688,4,0.658132223,3,0.609716205,2,0.793283739,2,0.862133755,2,0.955504841,1,0.976644296,1,0.710470752,1,0.9473495,1,0.88955158,1,0.373218825,1,0.922404831,,,,,,,,,,,,,,,,,,,,,,,,,,,,,,,,,,,,,,,,,,,,,,,,,,,,,,,,,,,,,,,,,,,,,,,,,,,,,,,,,,,,,,,,,,,,,,,,,,,,,,,,,,,,,,,,,,,,,,,,,,,,,,,,,,,,,,,,,,,,,,,,,,,,,,,,,,,,,,,,,,,,,,,,,,,,,,,,,,,,,,,,,,,,,,,,,,,,,,,,,,,,,,,,,,,,,,,,,,,,,,,,,,,,,,,,,,,,,,,,,,,,,,,,,,,,,,,,,,,,,,,,,,,,,,,,,,,,,,,,,,,,,,,,,,,,,,,,,,,,,,,,,,,,,,,,,,,,,,,,,,,,,,,,,,,,,,,,,,,,,,,,,,,,,,,,,,,,,,,,,,,,,,,,,,,,,,,,,,,,,,,,,,,,,,,,,,,,,,,,,,,,,,,,,,,,,,,,,,,,,,,,,,,,,,,,,,,,,,,,,,,,,,,,,,,,,,,,,,,,,,,,,,,,,,,,,,,,,,,,,,,,,,,,,,,,,,,,,,,,,,,,,,,,,,,,,,,,,,,,,,,,,,,,,,,,,,,,,,,,,,,,,,,,,,,,,,,,,,,,,,,,,,,,,,,,,,,,,,,,,,,,,,,,,,,,,,,,,,,,,,,,,,
5,24h,742,0,13,0.798857047,9,0.740998487,9,0.589439706,7,0.594004428,5,0.751516758,5,0.276311579,4,0.810151054,4,0.72584787,4,0.679650686,4,0.537500662,4,0.758337015,4,0.837115823,4,0.509503693,4,0.515266363,4,0.428943651,4,0.832988649,3,0.859587645,3,0.859015308,3,0.452336988,3,0.890866861,3,0.750500126,2,0.785868846,2,0.806059189,2,0.973460073,2,0.85269954,2,0.735569417,2,0.724776526,2,0.949036536,2,0.962776019,2,0.99802748,2,0.831928571,2,0.74358534,2,0.8120925,2,0.714849524,2,0.600581435,2,0.651288136,1,0.848391211,1,0.891448822,1,0.947607231,1,0.705434263,1,0.963002671,1,0.888429488,1,0.717280745,1,0.92984211,1,0.8877755,1,0.86620972,1,0.700310578,1,0.873690313,1,0.713211677,1,0.965680015,1,0.904591277,1,0.988566118,1,0.829254646,1,0.779609333,1,0.997038239,1,0.696220751,1,0.539292464,1,0.852472681,1,0.671260013,1,0.895336562,1,0.933581699,1,0.321277361,1,0.890240609,1,0.693892416,1,0.809436177,1,0.769001603,1,0.493641571,1,0.586516821,1,0.821936953,1,0.813248582,1,0.978004121,1,0.804674898,1,0.980770907,1,0.768822429,1,0.698982744,1,0.677359775,1,0.849885411,1,0.54125442,1,0.399161228,1,0.902268178,1,0.584818574,1,0.35186679,1,0.533259759,1,0.379366588,1,0.561360358,1,0.376854378,1,0.770809122,1,0.972212281,,,,,,,,,,,,,,,,,,,,,,,,,,,,,,,,,,,,,,,,,,,,,,,,,,,,,,,,,,,,,,,,,,,,,,,,,,,,,,,,,,,,,,,,,,,,,,,,,,,,,,,,,,,,,,,,,,,,,,,,,,,,,,,,,,,,,,,,,,,,,,,,,,,,,,,,,,,,,,,,,,,,,,,,,,,,,,,,,,,,,,,,,,,,,,,,,,,,,,,,,,,,,,,,,,,,,,,,,,,,,,,,,,,,,,,,,,,,,,,,,,,,,,,,,,,,,,,,,,,,,,,,,,,,,,,,,,,,,,,,,,,,,,,,,,,,,,,,,,,,,,,,,,,,,,,,,,,,,,,,,,,,,,,,,,,,,,,,,,,,,,,,,,,,,,,,,,,,,,,,,,,,,,,,,,,,,,,,,,,,,,,,,,,,,,,,,,,,,,,,,,,,,,,,,,,,,,,,,,,,,,,,,,,,,,,,,,,,,,,,,,,,,,,,,,,,,,
5,24h,2372,0,1,0.875685103,1,0.916800522,1,0.981738883,,,,,,,,,,,,,,,,,,,,,,,,,,,,,,,,,,,,,,,,,,,,,,,,,,,,,,,,,,,,,,,,,,,,,,,,,,,,,,,,,,,,,,,,,,,,,,,,,,,,,,,,,,,,,,,,,,,,,,,,,,,,,,,,,,,,,,,,,,,,,,,,,,,,,,,,,,,,,,,,,,,,,,,,,,,,,,,,,,,,,,,,,,,,,,,,,,,,,,,,,,,,,,,,,,,,,,,,,,,,,,,,,,,,,,,,,,,,,,,,,,,,,,,,,,,,,,,,,,,,,,,,,,,,,,,,,,,,,,,,,,,,,,,,,,,,,,,,,,,,,,,,,,,,,,,,,,,,,,,,,,,,,,,,,,,,,,,,,,,,,,,,,,,,,,,,,,,,,,,,,,,,,,,,,,,,,,,,,,,,,,,,,,,,,,,,,,,,,,,,,,,,,,,,,,,,,,,,,,,,,,,,,,,,,,,,,,,,,,,,,,,,,,,,,,,,,,,,,,,,,,,,,,,,,,,,,,,,,,,,,,,,,,,,,,,,,,,,,,,,,,,,,,,,,,,,,,,,,,,,,,,,,,,,,,,,,,,,,,,,,,,,,,,,,,,,,,,,,,,,,,,,,,,,,,,,,,,,,,,,,,,,,,,,,,,,,,,,,,,,,,,,,,,,,,,,,,,,,,,,,,,,
5,24h,3008,0,3,0.95785986,3,0.894676392,2,0.579989676,2,0.748241026,2,0.966634986,2,0.979967157,2,0.961321498,1,0.826720361,1,0.591909771,1,0.927705546,1,0.909147177,1,0.97679665,1,0.671002786,1,0.961458977,1,0.8321179,1,0.521023742,1,0.76942685,1,0.979086074,1,0.932532212,1,0.882052378,1,0.623282258,1,0.737447618,1,0.960766341,1,0.612429117,1,0.742653402,,,,,,,,,,,,,,,,,,,,,,,,,,,,,,,,,,,,,,,,,,,,,,,,,,,,,,,,,,,,,,,,,,,,,,,,,,,,,,,,,,,,,,,,,,,,,,,,,,,,,,,,,,,,,,,,,,,,,,,,,,,,,,,,,,,,,,,,,,,,,,,,,,,,,,,,,,,,,,,,,,,,,,,,,,,,,,,,,,,,,,,,,,,,,,,,,,,,,,,,,,,,,,,,,,,,,,,,,,,,,,,,,,,,,,,,,,,,,,,,,,,,,,,,,,,,,,,,,,,,,,,,,,,,,,,,,,,,,,,,,,,,,,,,,,,,,,,,,,,,,,,,,,,,,,,,,,,,,,,,,,,,,,,,,,,,,,,,,,,,,,,,,,,,,,,,,,,,,,,,,,,,,,,,,,,,,,,,,,,,,,,,,,,,,,,,,,,,,,,,,,,,,,,,,,,,,,,,,,,,,,,,,,,,,,,,,,,,,,,,,,,,,,,,,,,,,,,,,,,,,,,,,,,,,,,,,,,,,,,,,,,,,,,,,,,,,,,,,,,,,,,,,,,,,,,,,,,,,,,,,,,,,,,,,,,,,,,,,,,,,,,,,,,,,,,,,,,,,,,,,,,,,,,,,,,,,,,,,,,,
5,48h,218,1,4,0.689216319,4,0.807554609,3,0.72070349,2,0.83626425,2,0.811191284,2,0.873863963,2,0.760436702,2,0.713994673,2,0.971593545,2,0.515539691,1,0.945560424,1,0.513351809,1,0.705198227,1,0.937326706,1,0.72477828,1,0.624981986,1,0.965209849,1,0.913110933,1,0.823487245,1,0.972712972,1,0.875594271,1,0.965562241,1,0.718366212,1,0.90868654,1,0.87287008,1,0.918220662,1,0.73222684,1,0.6219201,1,0.979207312,,,,,,,,,,,,,,,,,,,,,,,,,,,,,,,,,,,,,,,,,,,,,,,,,,,,,,,,,,,,,,,,,,,,,,,,,,,,,,,,,,,,,,,,,,,,,,,,,,,,,,,,,,,,,,,,,,,,,,,,,,,,,,,,,,,,,,,,,,,,,,,,,,,,,,,,,,,,,,,,,,,,,,,,,,,,,,,,,,,,,,,,,,,,,,,,,,,,,,,,,,,,,,,,,,,,,,,,,,,,,,,,,,,,,,,,,,,,,,,,,,,,,,,,,,,,,,,,,,,,,,,,,,,,,,,,,,,,,,,,,,,,,,,,,,,,,,,,,,,,,,,,,,,,,,,,,,,,,,,,,,,,,,,,,,,,,,,,,,,,,,,,,,,,,,,,,,,,,,,,,,,,,,,,,,,,,,,,,,,,,,,,,,,,,,,,,,,,,,,,,,,,,,,,,,,,,,,,,,,,,,,,,,,,,,,,,,,,,,,,,,,,,,,,,,,,,,,,,,,,,,,,,,,,,,,,,,,,,,,,,,,,,,,,,,,,,,,,,,,,,,,,,,,,,,,,,,,,,,,,,,,,,,,,,,,,,,,,,,,,,,,,,,,,,,,,,,,,,,,,,,,,,,,,,,,,
5,48h,376,1,11,0.640149951,10,0.591358271,9,0.515506525,8,0.619473487,6,0.520077154,6,0.540131986,6,0.641331312,6,0.569988313,6,0.446144638,6,0.429051812,5,0.685309423,5,0.494575978,5,0.521858327,5,0.583302941,5,0.612576814,5,0.814169779,5,0.436231862,5,0.519501272,5,0.760025412,4,0.908530025,4,0.576913684,4,0.501723971,4,0.798017319,4,0.91947698,4,0.498991023,4,0.825926605,4,0.804191294,4,0.467996935,3,0.728523109,3,0.455680615,3,0.655806358,3,0.875065131,3,0.895626334,3,0.944912359,3,0.716998098,3,0.685926839,3,0.989116981,3,0.5751357,3,0.353018373,3,0.53838832,3,0.902131448,3,0.846300181,3,0.890146031,3,0.879697139,3,0.616556807,3,0.503504216,3,0.870909595,2,0.639902756,2,0.797433955,2,0.930907448,2,0.76438559,2,0.903143847,2,0.878934552,2,0.632082078,2,0.914340595,2,0.571715098,2,0.785105005,2,0.751884629,2,0.782586297,2,0.913825137,2,0.526557042,2,0.719175687,2,0.76685374,2,0.373217749,2,0.869706155,2,0.651904014,2,0.497678076,2,0.829427413,2,0.38879306,2,0.650124673,2,0.89073619,2,0.81649591,2,0.630665726,2,0.775418865,2,0.7945979,2,0.634318775,2,0.943223934,2,0.803143691,2,0.76013985,2,0.639679261,2,0.442559607,2,0.767452759,2,0.43274469,2,0.744162073,2,0.650592869,2,0.676329133,2,0.518752929,2,0.756575428,2,0.684243921,2,0.463056693,2,0.365204747,2,0.254387968,2,0.904066518,2,0.594101955,2,0.572310143,2,0.450707638,2,0.775068505,2,0.703008835,2,0.896532602,2,0.937759425,2,0.380527293,2,0.869800507,2,0.942600928,2,0.693133226,2,0.506081576,2,0.886404702,2,0.673344108,2,0.825700229,1,0.556342193,1,0.802788722,1,0.92119719,1,0.928681582,1,0.895607844,1,0.687794219,1,0.876467387,1,0.998429806,1,0.342352686,1,0.979632442,1,0.718943274,1,0.893998168,1,0.864355049,1,0.965489682,1,0.725715094,1,0.759821466,1,0.414234356,1,0.773822158,1,0.954182622,1,0.775761345,1,0.998178969,1,0.764345228,1,0.634317407,1,0.674596616,1,0.68730158,1,0.484387644,1,0.642987057,1,0.928607861,1,0.870159415,1,0.854159123,1,0.754140727,1,0.874107235,1,0.809451131,1,0.750291115,1,0.589972888,1,0.933742964,1,0.672814296,1,0.897451415,1,0.73901818,1,0.866254419,1,0.844263455,1,0.848573167,1,0.491992795,1,0.804612111,1,0.971570808,1,0.888284576,1,0.838420042,1,0.886806939,1,0.54069088,1,0.985339385,1,0.940159093,1,0.648134333,1,0.809078325,1,0.603588838,1,0.707853767,1,0.883461525,1,0.927395516,1,0.794733616,1,0.81633635,1,0.874056473,1,0.999955755,1,0.93898421,1,0.822239815,1,0.991047622,1,0.92679294,1,0.527382597,1,0.295186866,1,0.754901205,1,0.706846067,1,0.742602396,1,0.980775028,1,0.257744179,1,0.456469774,1,0.983488526,1,0.510028812,1,0.512553773,1,0.812583025,1,0.946719264,1,0.984935555,1,0.619385199,1,0.728330122,1,0.580685119,1,0.862293473,1,0.5774879,1,0.838847962,1,0.494099161,1,0.671069373,1,0.700170371,1,0.877937581,1,0.554992274,1,0.974232473,1,0.682700991,1,0.756692372,1,0.86530391,1,0.753442427,1,0.871728727,1,0.86092664,1,0.630089811,1,0.669454804,1,0.871062841,1,0.61112924,1,0.560752446,1,0.765261002,1,0.817411706,1,0.801501221,1,0.860325,1,0.644966819,1,0.747245152,1,0.738668786,1,0.899923176,1,0.59506215,1,0.477762199,1,0.759491891,1,0.630063312,1,0.695753679,1,0.997535845,1,0.861152985,1,0.641026501,1,0.632397167,1,0.515491729,1,0.717871602,1,0.438957974,1,0.508874868,1,0.989313534,1,0.612569307,1,0.729458052,1,0.905325856,1,0.752601713,1,0.982610288,1,0.870950567,1,0.67449743,1,0.872414076,1,0.734594515,1,0.414996356,1,0.713785018,1,0.553523331,1,0.639840301,1,0.986925312,1,0.867736546,1,0.692918709,1,0.818360809,1,0.884763291,1,0.838517402,1,0.854863876,1,0.908706395,1,0.777669739,1,0.505430877,1,0.811633949,1,0.684949206,1,0.794143472,1,0.458132876,1,0.592882149,1,0.330612999,1,0.438892617,1,0.645604085,1,0.730184731,1,0.412162957,1,0.651686616,1,0.415354843,1,0.71510085,1,0.476551875,1,0.610462892,1,0.77040354,1,0.693546379,1,0.724871826,1,0.326159491,1,0.596958865,1,0.960447584,1,0.402137872,1,0.719964414,1,0.899282805,1,0.681946707,1,0.547875658,1,0.950177379,1,0.638660959,1,0.995950954,1,0.843919309,1,0.905144203,1,0.741189161,1,0.940544947,1,0.719697767,1,0.63120498,1,0.930352931,1,0.592126632,1,0.770832874,1,0.547912023,1,0.841904277,1,0.7246645,1,0.814827664,1,0.498400813,1,0.396065963,1,0.608928528,1,0.44142686,1,0.66158443,1,0.824161919,1,0.77355745,1,0.927882533,1,0.818819342,1,0.876957235,1,0.975317032,1,0.473025361,1,0.319661219,1,0.640088867,1,0.942727819,1,0.713347203,1,0.863463703,1,0.884766573
5,48h,742,0,2,0.770444613,1,0.721163206,1,0.969080684,1,0.873194468,1,0.600557792,1,0.821877761,,,,,,,,,,,,,,,,,,,,,,,,,,,,,,,,,,,,,,,,,,,,,,,,,,,,,,,,,,,,,,,,,,,,,,,,,,,,,,,,,,,,,,,,,,,,,,,,,,,,,,,,,,,,,,,,,,,,,,,,,,,,,,,,,,,,,,,,,,,,,,,,,,,,,,,,,,,,,,,,,,,,,,,,,,,,,,,,,,,,,,,,,,,,,,,,,,,,,,,,,,,,,,,,,,,,,,,,,,,,,,,,,,,,,,,,,,,,,,,,,,,,,,,,,,,,,,,,,,,,,,,,,,,,,,,,,,,,,,,,,,,,,,,,,,,,,,,,,,,,,,,,,,,,,,,,,,,,,,,,,,,,,,,,,,,,,,,,,,,,,,,,,,,,,,,,,,,,,,,,,,,,,,,,,,,,,,,,,,,,,,,,,,,,,,,,,,,,,,,,,,,,,,,,,,,,,,,,,,,,,,,,,,,,,,,,,,,,,,,,,,,,,,,,,,,,,,,,,,,,,,,,,,,,,,,,,,,,,,,,,,,,,,,,,,,,,,,,,,,,,,,,,,,,,,,,,,,,,,,,,,,,,,,,,,,,,,,,,,,,,,,,,,,,,,,,,,,,,,,,,,,,,,,,,,,,,,,,,,,,,,,,,,,,,,,,,,,,,,,,,,,,,,,,,,,,,,,,,,
5,48h,2372,0,1,0.973360681,1,0.706220473,1,0.523537354,1,0.631519436,1,0.242206899,1,0.927733826,1,0.807573986,1,0.758891652,1,0.882930144,,,,,,,,,,,,,,,,,,,,,,,,,,,,,,,,,,,,,,,,,,,,,,,,,,,,,,,,,,,,,,,,,,,,,,,,,,,,,,,,,,,,,,,,,,,,,,,,,,,,,,,,,,,,,,,,,,,,,,,,,,,,,,,,,,,,,,,,,,,,,,,,,,,,,,,,,,,,,,,,,,,,,,,,,,,,,,,,,,,,,,,,,,,,,,,,,,,,,,,,,,,,,,,,,,,,,,,,,,,,,,,,,,,,,,,,,,,,,,,,,,,,,,,,,,,,,,,,,,,,,,,,,,,,,,,,,,,,,,,,,,,,,,,,,,,,,,,,,,,,,,,,,,,,,,,,,,,,,,,,,,,,,,,,,,,,,,,,,,,,,,,,,,,,,,,,,,,,,,,,,,,,,,,,,,,,,,,,,,,,,,,,,,,,,,,,,,,,,,,,,,,,,,,,,,,,,,,,,,,,,,,,,,,,,,,,,,,,,,,,,,,,,,,,,,,,,,,,,,,,,,,,,,,,,,,,,,,,,,,,,,,,,,,,,,,,,,,,,,,,,,,,,,,,,,,,,,,,,,,,,,,,,,,,,,,,,,,,,,,,,,,,,,,,,,,,,,,,,,,,,,,,,,,,,,,,,,,,,,,,,,,,,,,,,,,,,,,,,,,,,,,,,,,,,,,,
5,48h,3008,1,4,0.775848228,2,0.668346039,1,0.817786645,1,0.974719746,1,0.982196268,,,,,,,,,,,,,,,,,,,,,,,,,,,,,,,,,,,,,,,,,,,,,,,,,,,,,,,,,,,,,,,,,,,,,,,,,,,,,,,,,,,,,,,,,,,,,,,,,,,,,,,,,,,,,,,,,,,,,,,,,,,,,,,,,,,,,,,,,,,,,,,,,,,,,,,,,,,,,,,,,,,,,,,,,,,,,,,,,,,,,,,,,,,,,,,,,,,,,,,,,,,,,,,,,,,,,,,,,,,,,,,,,,,,,,,,,,,,,,,,,,,,,,,,,,,,,,,,,,,,,,,,,,,,,,,,,,,,,,,,,,,,,,,,,,,,,,,,,,,,,,,,,,,,,,,,,,,,,,,,,,,,,,,,,,,,,,,,,,,,,,,,,,,,,,,,,,,,,,,,,,,,,,,,,,,,,,,,,,,,,,,,,,,,,,,,,,,,,,,,,,,,,,,,,,,,,,,,,,,,,,,,,,,,,,,,,,,,,,,,,,,,,,,,,,,,,,,,,,,,,,,,,,,,,,,,,,,,,,,,,,,,,,,,,,,,,,,,,,,,,,,,,,,,,,,,,,,,,,,,,,,,,,,,,,,,,,,,,,,,,,,,,,,,,,,,,,,,,,,,,,,,,,,,,,,,,,,,,,,,,,,,,,,,,,,,,,,,,,,,,,,,,,,,,,,,,,,,,,,,
